file_id,filename,display_name,category,content_type,size,url,folder_id,created_at,updated_at,locked,hidden
15690,m04_ml2_2_privacy_read.html,90-Second Privacy Read,editable,text/html,8476,https://sit-online.instructure.com/files/15690/download?download_frd=1&verifier=AcfWlov4PrJlEWrns7F3hdetu301E5dqlvSleZfD,1455,2026-06-02T20:38:12Z,2026-06-02T20:38:13Z,False,False
15742,m04_ml2_2_privacy_read.html,90-Second Privacy Read-1,editable,text/html,8476,https://sit-online.instructure.com/files/15742/download?download_frd=1&verifier=hYPIJID89h3QrueLyfhFruPmqXhTg2Ue8TcZZ4TE,1455,2026-06-02T20:46:34Z,2026-06-02T20:46:36Z,False,False
15777,m04_ml2_2_privacy_read.html,90-Second Privacy Read-2,editable,text/html,8476,https://sit-online.instructure.com/files/15777/download?download_frd=1&verifier=qj5UVdiU0aEeATs6qd6WQY5WaC1zl2VED9cfG2Dm,1455,2026-06-02T20:53:42Z,2026-06-02T20:53:44Z,False,False
15924,m04_ml2_2_privacy_read.html,90-Second Privacy Read-3,editable,text/html,9495,https://sit-online.instructure.com/files/15924/download?download_frd=1&verifier=Aj76djM7f6uCsBJSIBYMaHwh5f7JQvF6BxVW0sxs,1455,2026-06-03T05:58:15Z,2026-06-04T15:33:33Z,False,False
15572,ai_bias.png,ai_bias.png,image,image/png,19200,https://sit-online.instructure.com/files/15572/download?download_frd=1&verifier=4FLpLpMkHy1niY7MVM96OJEU1EYodO4C7xMl61fY,1453,2026-06-02T14:22:02Z,2026-06-02T14:22:03Z,False,True
15573,ai_tier_ladder.png,ai_tier_ladder.png,image,image/png,19561,https://sit-online.instructure.com/files/15573/download?download_frd=1&verifier=KBToYRIWN6i5Uq3kWWmDbJkvp35lhJVDvJJPXbFp,1453,2026-06-02T14:22:02Z,2026-06-02T14:22:03Z,False,True
15233,ai-spectrum.png,ai-spectrum.png,image,image/png,34418,https://sit-online.instructure.com/files/15233/download?download_frd=1&verifier=BRcFOegIbCs1k2wCLxCs32WLBIpGeFsDYpt1uzl7,1262,2026-05-01T22:47:26Z,2026-05-01T22:47:27Z,False,False
15234,ai-system-flow.png,ai-system-flow.png,image,image/png,43306,https://sit-online.instructure.com/files/15234/download?download_frd=1&verifier=ZcHJIdaqzdlTqE2CCn58LHGlgkQ7sYLJyV8ngI3H,1262,2026-05-01T22:47:27Z,2026-05-01T22:47:27Z,False,False
15634,m03_ml2_2_balance_scale.html,Balance Scale,editable,text/html,9415,https://sit-online.instructure.com/files/15634/download?download_frd=1&verifier=PxBu9pbQpE9HShLzi8HD8JBF6XWT1pivPJlJTppI,1455,2026-06-02T19:05:05Z,2026-06-02T19:05:07Z,False,False
15652,m03_ml2_2_balance_scale.html,Balance Scale-1,editable,text/html,9415,https://sit-online.instructure.com/files/15652/download?download_frd=1&verifier=XBlh0T1eHHyH02PssjDfzuRKcY1w7xkJBek2OOPo,1455,2026-06-02T20:01:32Z,2026-06-02T20:01:34Z,False,False
15670,m03_ml2_2_balance_scale.html,Balance Scale-2,editable,text/html,9415,https://sit-online.instructure.com/files/15670/download?download_frd=1&verifier=IH240bJfZBml66VqhJj1lGvVCHjLI5zyLW6zhsyd,1455,2026-06-02T20:14:25Z,2026-06-02T20:14:27Z,False,False
15705,m03_ml2_2_balance_scale.html,Balance Scale-3,editable,text/html,9415,https://sit-online.instructure.com/files/15705/download?download_frd=1&verifier=yDBBkrlDEliBqCguOARi9big2QFh8UkYRVqFVAYj,1455,2026-06-02T20:38:25Z,2026-06-02T20:38:27Z,False,False
15723,m03_ml2_2_balance_scale.html,Balance Scale-4,editable,text/html,9415,https://sit-online.instructure.com/files/15723/download?download_frd=1&verifier=bYEivaAN1YdIK3U7o9gN9M7xvxT0fZvAjiE4Mh8R,1455,2026-06-02T20:46:15Z,2026-06-02T20:46:18Z,False,False
15759,m03_ml2_2_balance_scale.html,Balance Scale-5,editable,text/html,9415,https://sit-online.instructure.com/files/15759/download?download_frd=1&verifier=vMMeSlmqjBd7Ij0n8tFdXGRvUQlBNvCxeaJmtGYx,1455,2026-06-02T20:53:22Z,2026-06-02T20:53:24Z,False,False
15852,m03_ml2_2_balance_scale.html,Balance Scale-6,editable,text/html,9415,https://sit-online.instructure.com/files/15852/download?download_frd=1&verifier=spXdAZRkxBQPd2jw0icCZASfrlOjg9zeQrwWq6lA,1455,2026-06-03T00:49:04Z,2026-06-03T00:49:07Z,False,False
15903,m03_ml2_2_balance_scale.html,Balance Scale-7,editable,text/html,9415,https://sit-online.instructure.com/files/15903/download?download_frd=1&verifier=pxc9FxBi0GZU1qshsuXSEULFWzZ8KcyvluWjEQqP,1455,2026-06-03T05:57:56Z,2026-06-04T15:33:13Z,False,False
15799,m02_ml4_2_bias_source_tracker.html,Bias Source Tracker,editable,text/html,8911,https://sit-online.instructure.com/files/15799/download?download_frd=1&verifier=9yFeqYp6V6WugYqaREg5kjeLn2gU75Iw4P2KrpWh,1455,2026-06-02T22:22:31Z,2026-06-02T22:22:32Z,False,False
15819,m02_ml4_2_bias_source_tracker.html,Bias Source Tracker-1,editable,text/html,8455,https://sit-online.instructure.com/files/15819/download?download_frd=1&verifier=Fm9E1hXm6aL6kFV2KdIytNXywq9ecbaxmcVnIXor,1455,2026-06-03T00:33:49Z,2026-06-03T00:33:50Z,False,False
15839,m02_ml4_2_bias_source_tracker.html,Bias Source Tracker-2,editable,text/html,8455,https://sit-online.instructure.com/files/15839/download?download_frd=1&verifier=xe99t9KKSdwuGzAsMv3VDGnwqtejSeaXPdNziJ6W,1455,2026-06-03T00:42:20Z,2026-06-03T00:42:22Z,False,False
15889,m02_ml4_2_bias_source_tracker.html,Bias Source Tracker-3,editable,text/html,8455,https://sit-online.instructure.com/files/15889/download?download_frd=1&verifier=tdBAyOfemrxRrdnuQCfLxqgb9wmNDbNkJF4awTRj,1455,2026-06-03T05:57:40Z,2026-06-04T15:32:51Z,False,False
15637,m03_ml3_3_calibration_check.html,Calibration Check,editable,text/html,10433,https://sit-online.instructure.com/files/15637/download?download_frd=1&verifier=2aHe8h92KURbylchPQfhd9VF2MOZVEazyKduhwqD,1455,2026-06-02T19:05:06Z,2026-06-02T19:05:07Z,False,False
15655,m03_ml3_3_calibration_check.html,Calibration Check-1,editable,text/html,10433,https://sit-online.instructure.com/files/15655/download?download_frd=1&verifier=2YqRIb1rDwoNUYtD2kiyqEeAy7FnbTPeiKZthSw7,1455,2026-06-02T20:01:33Z,2026-06-02T20:01:35Z,False,False
15673,m03_ml3_3_calibration_check.html,Calibration Check-2,editable,text/html,10433,https://sit-online.instructure.com/files/15673/download?download_frd=1&verifier=5o6eqk1jDIHgxwCo6fqJNfmJQx6w1ksZqae4Q4Du,1455,2026-06-02T20:14:25Z,2026-06-02T20:14:27Z,False,False
15708,m03_ml3_3_calibration_check.html,Calibration Check-3,editable,text/html,10433,https://sit-online.instructure.com/files/15708/download?download_frd=1&verifier=j9ccxf5qUsm8XC3NqIOA6APZnttpW7hYDTWAFTi8,1455,2026-06-02T20:38:25Z,2026-06-02T20:38:27Z,False,False
15727,m03_ml3_3_calibration_check.html,Calibration Check-4,editable,text/html,10433,https://sit-online.instructure.com/files/15727/download?download_frd=1&verifier=eZp8EoM5CqbMJTW7MGhAYrT8LPoq6XFwAM5H7yZp,1455,2026-06-02T20:46:16Z,2026-06-02T20:46:18Z,False,False
15762,m03_ml3_3_calibration_check.html,Calibration Check-5,editable,text/html,10433,https://sit-online.instructure.com/files/15762/download?download_frd=1&verifier=aEaRwlYwGrnV8tRbFWGIm8aLWQtQmADE8Qo9cdHB,1455,2026-06-02T20:53:23Z,2026-06-02T20:53:24Z,False,False
15855,m03_ml3_3_calibration_check.html,Calibration Check-6,editable,text/html,10433,https://sit-online.instructure.com/files/15855/download?download_frd=1&verifier=eLPyeSpqxkNMBg5DP0VhLIOh0E1p4WNHcZpsOd62,1455,2026-06-03T00:49:05Z,2026-06-03T00:49:07Z,False,False
15906,m03_ml3_3_calibration_check.html,Calibration Check-7,editable,text/html,10433,https://sit-online.instructure.com/files/15906/download?download_frd=1&verifier=9AK3OPaWTYhtrcza5JtopeWaOF9NHfWmmzY1nz2X,1455,2026-06-03T05:57:57Z,2026-06-04T15:33:13Z,False,False
15237,check.png,check.png,image,image/png,2086,https://sit-online.instructure.com/files/15237/download?download_frd=1&verifier=wC3PE8MY5ylw20UjQ3RtrhKB12SFeAXJ79j4ri4A,1263,2026-05-01T22:47:27Z,2026-05-01T22:47:30Z,False,False
15618,m03_activity.html,Confusion Matrix Sandbox,editable,text/html,8469,https://sit-online.instructure.com/files/15618/download?download_frd=1&verifier=ykP2xufb5KBuiyy5Cj6Aiaj7WF1w7OYkxk9imN3V,1455,2026-06-02T16:51:27Z,2026-06-02T16:52:56Z,True,False
15629,m03_activity.html,Confusion Matrix Sandbox-1,editable,text/html,8469,https://sit-online.instructure.com/files/15629/download?download_frd=1&verifier=aayaye0x03ZjpcixpnTeJ8cPUJlHreSR2oENvRpc,1455,2026-06-02T19:05:04Z,2026-06-02T19:05:28Z,True,False
15647,m03_activity.html,Confusion Matrix Sandbox-2,editable,text/html,8469,https://sit-online.instructure.com/files/15647/download?download_frd=1&verifier=o4qW99Ox3tNlYgeBTLKt83CSruGG6GoxaexRNp5B,1455,2026-06-02T20:01:31Z,2026-06-02T20:06:08Z,True,False
15665,m03_activity.html,Confusion Matrix Sandbox-3,editable,text/html,8469,https://sit-online.instructure.com/files/15665/download?download_frd=1&verifier=3DItX5sgjAu3gdSBaezwN3JIHtvq3ckv8Ta5HCIY,1455,2026-06-02T20:14:24Z,2026-06-02T20:14:26Z,False,False
15700,m03_activity.html,Confusion Matrix Sandbox-4,editable,text/html,8469,https://sit-online.instructure.com/files/15700/download?download_frd=1&verifier=CN651fSjKORKZgRaNNS8xxRj8nmmFU2T8QXWuwJV,1455,2026-06-02T20:38:24Z,2026-06-02T20:38:27Z,False,False
15718,m03_activity.html,Confusion Matrix Sandbox-5,editable,text/html,8469,https://sit-online.instructure.com/files/15718/download?download_frd=1&verifier=e86RdB0ImhQHAaKaPo2rZn3vZ0Is2lrhbtqUChSG,1455,2026-06-02T20:46:14Z,2026-06-02T20:46:17Z,False,False
15754,m03_activity.html,Confusion Matrix Sandbox-6,editable,text/html,8469,https://sit-online.instructure.com/files/15754/download?download_frd=1&verifier=VZxmX3PxVRGCxEJZtq06yEUbdhXAH5v2OSGa3Fud,1455,2026-06-02T20:53:21Z,2026-06-02T20:53:24Z,False,False
15847,m03_activity.html,Confusion Matrix Sandbox-7,editable,text/html,8469,https://sit-online.instructure.com/files/15847/download?download_frd=1&verifier=DPFfRkn6bNcmrfgmXIM3xVdi7qkMeZPSencCQjHA,1455,2026-06-03T00:49:03Z,2026-06-03T00:49:06Z,False,False
15898,m03_activity.html,Confusion Matrix Sandbox-120ac0db-be0c-4207-9fd6-acdbcf817350,editable,text/html,8469,https://sit-online.instructure.com/files/15898/download?download_frd=1&verifier=vV8sBfCr1Dp2g1kzMgc8BcSHzD7KEVepMnToiKlb,1455,2026-06-03T05:57:55Z,2026-06-04T15:33:12Z,False,False
15688,m04_ml1_3_cost_calculator.html,Cost Calculator,editable,text/html,9269,https://sit-online.instructure.com/files/15688/download?download_frd=1&verifier=xfHQ5x6l5eoDtGIIdzvi7J7xICKwPHf9cZ3tATrb,1455,2026-06-02T20:38:11Z,2026-06-02T20:38:13Z,False,False
15740,m04_ml1_3_cost_calculator.html,Cost Calculator-1,editable,text/html,9269,https://sit-online.instructure.com/files/15740/download?download_frd=1&verifier=RXiU0oR3FJ6jjd8DqKVwdcHcbyZcFidVjxOoyXSq,1455,2026-06-02T20:46:34Z,2026-06-02T20:46:36Z,False,False
15775,m04_ml1_3_cost_calculator.html,Cost Calculator-2,editable,text/html,9269,https://sit-online.instructure.com/files/15775/download?download_frd=1&verifier=UAqvMAbScZZLlkxedLwTV2ZwCgbYrgQ71dg2m9CB,1455,2026-06-02T20:53:41Z,2026-06-02T20:53:43Z,False,False
15922,m04_ml1_3_cost_calculator.html,Cost Calculator-3,editable,text/html,8477,https://sit-online.instructure.com/files/15922/download?download_frd=1&verifier=mbQnmkeohamAZpCw09GzF9rZdDYKJQNFEyNYSfGn,1455,2026-06-03T05:58:15Z,2026-06-04T15:33:33Z,False,False
15235,daily-ai-timeline.png,daily-ai-timeline.png,image,image/png,40123,https://sit-online.instructure.com/files/15235/download?download_frd=1&verifier=d3zGG7pOBwEIGi5J1tVej7Yx2VT589r2k75wECnn,1262,2026-05-01T22:47:27Z,2026-05-01T22:47:27Z,False,False
15691,m04_ml2_3_dark_pattern.html,Dark Pattern Detective,editable,text/html,8305,https://sit-online.instructure.com/files/15691/download?download_frd=1&verifier=dHGu4yQYs5k4Z95BkqFsyNsE93RLLT5MjyFO5eez,1455,2026-06-02T20:38:12Z,2026-06-02T20:38:13Z,False,False
15743,m04_ml2_3_dark_pattern.html,Dark Pattern Detective-1,editable,text/html,8305,https://sit-online.instructure.com/files/15743/download?download_frd=1&verifier=m7GqqzW31ZxM9nOzSLojBZer5WRlb6UMFfPJ9e1l,1455,2026-06-02T20:46:34Z,2026-06-02T20:46:36Z,False,False
15778,m04_ml2_3_dark_pattern.html,Dark Pattern Detective-2,editable,text/html,8305,https://sit-online.instructure.com/files/15778/download?download_frd=1&verifier=THrZ3opN773aVn4M399oD32KokMSg8mCaRQnURle,1455,2026-06-02T20:53:42Z,2026-06-02T20:53:44Z,False,False
15925,m04_ml2_3_dark_pattern.html,Dark Pattern Detective-3,editable,text/html,9022,https://sit-online.instructure.com/files/15925/download?download_frd=1&verifier=9Df12h8f3StzDoVRY4UgdKlnvDYJaJ4jm2d4ufs6,1455,2026-06-03T05:58:15Z,2026-06-04T15:33:33Z,False,False
15789,m02_ml1_1_data_or_not.html,Data or Not?,editable,text/html,8887,https://sit-online.instructure.com/files/15789/download?download_frd=1&verifier=wW7xESDJVVogyJe77jcLuw1FVVJwbqorIdmWw8Lb,1455,2026-06-02T22:22:30Z,2026-06-02T22:22:32Z,False,False
15809,m02_ml1_1_data_or_not.html,Data or Not?-1,editable,text/html,7857,https://sit-online.instructure.com/files/15809/download?download_frd=1&verifier=Chxh7sR3L0zZ1LE01xkcSajlFfvX2wmDIWlZGMbb,1455,2026-06-03T00:33:47Z,2026-06-03T00:33:49Z,False,False
15829,m02_ml1_1_data_or_not.html,Data or Not?-2,editable,text/html,7857,https://sit-online.instructure.com/files/15829/download?download_frd=1&verifier=ugfiKgrpd4Qofr0puhLvS4D45YUqZuw4DrTyc1Rw,1455,2026-06-03T00:42:18Z,2026-06-03T00:42:21Z,False,False
15879,m02_ml1_1_data_or_not.html,Data or Not?-3,editable,text/html,7857,https://sit-online.instructure.com/files/15879/download?download_frd=1&verifier=6Wf91hsvAOAgOz0QoDVSxWRcxNowptqY3MgYIGLq,1455,2026-06-03T05:57:37Z,2026-06-04T15:32:50Z,False,False
15788,m02_data_system_diagram.html,Data System Diagram,editable,text/html,12696,https://sit-online.instructure.com/files/15788/download?download_frd=1&verifier=I4hXABDK5Lcyfz5ixD72B7gIpD6DmCrVtFeJiUzC,1455,2026-06-02T22:22:30Z,2026-06-02T22:22:31Z,False,False
15807,m02_data_system_diagram.html,Data System Diagram-1,editable,text/html,12696,https://sit-online.instructure.com/files/15807/download?download_frd=1&verifier=EWq4jwXlIxYlmrfBvHWRaxLbYS4EMhZ8qF8aYBkH,1455,2026-06-03T00:33:47Z,2026-06-03T00:33:49Z,False,False
15827,m02_data_system_diagram.html,Data System Diagram-2,editable,text/html,12696,https://sit-online.instructure.com/files/15827/download?download_frd=1&verifier=WwYocAfZxDvQjCnhg9Etz5fxI3Z64fUWOscBuRdT,1455,2026-06-03T00:42:17Z,2026-06-03T00:42:21Z,False,False
15877,m02_data_system_diagram.html,Data System Diagram-3,editable,text/html,12696,https://sit-online.instructure.com/files/15877/download?download_frd=1&verifier=92T6x9WnbR4H6vU5zZooFHbvAX0fQPH84fi66jRU,1455,2026-06-03T05:57:37Z,2026-06-04T15:32:50Z,False,False
15686,m04_ml1_1_define_fair.html,Define Fair,editable,text/html,9001,https://sit-online.instructure.com/files/15686/download?download_frd=1&verifier=LdmewqrarI6ChUgszq6Zbq9fyvMQ4sp8KIw8oVXg,1455,2026-06-02T20:38:11Z,2026-06-02T20:38:13Z,False,False
15738,m04_ml1_1_define_fair.html,Define Fair-1,editable,text/html,9001,https://sit-online.instructure.com/files/15738/download?download_frd=1&verifier=q4UjQT7VluD6dqPOp2srJcVH6WkDV1tgAORzKDyS,1455,2026-06-02T20:46:33Z,2026-06-02T20:46:36Z,False,False
15773,m04_ml1_1_define_fair.html,Define Fair-2,editable,text/html,9001,https://sit-online.instructure.com/files/15773/download?download_frd=1&verifier=SsUTX97Kf9kxSbtUnIHnkR1iMpOsCfyoqaN1QigG,1455,2026-06-02T20:53:41Z,2026-06-02T20:53:43Z,False,False
15920,m04_ml1_1_define_fair.html,Define Fair-3,editable,text/html,8232,https://sit-online.instructure.com/files/15920/download?download_frd=1&verifier=CbJdHAbNpmY3cjTDJBjz4fsJTI3Zx9D0bxvrROEA,1455,2026-06-03T05:58:15Z,2026-06-04T15:33:33Z,False,False
15684,m04_activity.html,Fairness Court,editable,text/html,9136,https://sit-online.instructure.com/files/15684/download?download_frd=1&verifier=nACHTE8xyNu4W6RrwW9oX6Ty0qwkLlbL1ttv2yLS,1455,2026-06-02T20:38:11Z,2026-06-02T20:38:13Z,False,False
15609,m04_activity.html,Fairness Court Activity,editable,text/html,9136,https://sit-online.instructure.com/files/15609/download?download_frd=1&verifier=b3RVg4wD6JGptJ4SGxTcdtAdA5AhTaCfgUTZAmzn,1455,2026-06-02T16:46:20Z,2026-06-02T16:46:20Z,False,False
15623,m04_activity.html,Fairness Court Activity-1,editable,text/html,9136,https://sit-online.instructure.com/files/15623/download?download_frd=1&verifier=6NN0zZHH7XYOpo8CTQZXppiEJooRqFCIKIoYXxYw,1455,2026-06-02T16:51:49Z,2026-06-02T16:52:56Z,True,False
15736,m04_activity.html,Fairness Court-1,editable,text/html,9136,https://sit-online.instructure.com/files/15736/download?download_frd=1&verifier=tTqI7XUy22F3bURykjfqbQNBdc9JbVDWgn9m40DE,1455,2026-06-02T20:46:33Z,2026-06-02T20:46:36Z,False,False
15771,m04_activity.html,Fairness Court-2,editable,text/html,9136,https://sit-online.instructure.com/files/15771/download?download_frd=1&verifier=naSTl55cHC7q3YDLdQenYZF4YExdo630uKvt93u6,1455,2026-06-02T20:53:40Z,2026-06-02T20:53:43Z,False,False
15917,m04_activity.html,Fairness Court-3,editable,text/html,9136,https://sit-online.instructure.com/files/15917/download?download_frd=1&verifier=mnZdTSa4bUBysSiCAgwDiGHfNkoXTFHDzCYlcOm1,1455,2026-06-03T05:58:14Z,2026-06-04T15:33:33Z,False,False
15794,m02_ml2_3_feature_builder.html,Feature Builder,editable,text/html,8684,https://sit-online.instructure.com/files/15794/download?download_frd=1&verifier=uj0pWXdxJnl9T5YpJHd3xWMMhVV66HyD0oivNkQc,1455,2026-06-02T22:22:31Z,2026-06-02T22:22:32Z,False,False
15814,m02_ml2_3_feature_builder.html,Feature Builder-1,editable,text/html,8124,https://sit-online.instructure.com/files/15814/download?download_frd=1&verifier=EkwCCooj2AH6kgjbRsUOQlDPec9JHOOgE9YlVQyp,1455,2026-06-03T00:33:48Z,2026-06-03T00:33:49Z,False,False
15834,m02_ml2_3_feature_builder.html,Feature Builder-2,editable,text/html,8124,https://sit-online.instructure.com/files/15834/download?download_frd=1&verifier=vFKwZdaoTi7CXyI8IXWt0auMp38AJ7Cqwt1qGHul,1455,2026-06-03T00:42:19Z,2026-06-03T00:42:22Z,False,False
15884,m02_ml2_3_feature_builder.html,Feature Builder-3,editable,text/html,8124,https://sit-online.instructure.com/files/15884/download?download_frd=1&verifier=44R43lJweDP92ztam7sCWnvOzax72CioMEXpGyQv,1455,2026-06-03T05:57:38Z,2026-06-04T15:32:50Z,False,False
15792,m02_ml2_1_feature_finder.html,Feature Finder,editable,text/html,8603,https://sit-online.instructure.com/files/15792/download?download_frd=1&verifier=hANjryfAVxNbVDDCAEYXj3IlGkV9jBZlfHPkjZsd,1455,2026-06-02T22:22:30Z,2026-06-02T22:22:32Z,False,False
15812,m02_ml2_1_feature_finder.html,Feature Finder-1,editable,text/html,8351,https://sit-online.instructure.com/files/15812/download?download_frd=1&verifier=zFUg4ixeVMRvKOMv6HkvoDgngbZquQj3u2TQkbOh,1455,2026-06-03T00:33:47Z,2026-06-03T00:33:49Z,False,False
15832,m02_ml2_1_feature_finder.html,Feature Finder-2,editable,text/html,8351,https://sit-online.instructure.com/files/15832/download?download_frd=1&verifier=LyNA9csCOUwJnKSFXb6uJizOlFX6JkJdlHwM9noz,1455,2026-06-03T00:42:19Z,2026-06-03T00:42:22Z,False,False
15882,m02_ml2_1_feature_finder.html,Feature Finder-3,editable,text/html,8351,https://sit-online.instructure.com/files/15882/download?download_frd=1&verifier=vqjulNAf4ke8mKmToxZFp8Jr3tcDOLiHDQOloKoq,1455,2026-06-03T05:57:38Z,2026-06-04T15:32:50Z,False,False
15808,m02_l2_features_labels_workshop.html,Features and Labels Workshop,editable,text/html,13473,https://sit-online.instructure.com/files/15808/download?download_frd=1&verifier=WF9R6FnuIQVl7H6MCVVwft9Uvmswaj8fAAtlWVuF,1455,2026-06-03T00:33:47Z,2026-06-03T00:33:49Z,False,False
15828,m02_l2_features_labels_workshop.html,Features and Labels Workshop-1,editable,text/html,13473,https://sit-online.instructure.com/files/15828/download?download_frd=1&verifier=VAkVWdFnYloJOlWjTFB1iLjhABaMNCjlJFpx29nn,1455,2026-06-03T00:42:17Z,2026-06-03T00:42:21Z,False,False
15878,m02_l2_features_labels_workshop.html,Features and Labels Workshop-2,editable,text/html,13473,https://sit-online.instructure.com/files/15878/download?download_frd=1&verifier=THyStJ7jgWxYEdD5nofhgzENtp4Gr2jDF5CwmUFD,1455,2026-06-03T05:57:37Z,2026-06-04T15:32:50Z,False,False
15563,game_ml1_2_output_machine.html,game_ml1_2_output_machine.html,editable,text/html,7551,https://sit-online.instructure.com/files/15563/download?download_frd=1&verifier=vTWr6jQU0gF6SGiqDerXhSYv54MIpYilTjhHQLgP,1265,2026-06-02T12:44:15Z,2026-06-02T12:44:15Z,False,False
15562,game_ml1_3_tier_ladder.html,game_ml1_3_tier_ladder.html,editable,text/html,23018,https://sit-online.instructure.com/files/15562/download?download_frd=1&verifier=RS0QQk9BUJPJBPIXs7q9LXGrRu9KeW9xACTxndic,1265,2026-06-02T12:44:15Z,2026-06-02T12:44:15Z,False,False
15561,game_ml2_1_feed_the_model.html,game_ml2_1_feed_the_model.html,editable,text/html,6867,https://sit-online.instructure.com/files/15561/download?download_frd=1&verifier=1bZQBdeRDmaBxsNVVeOJ5mKXAMqt4CQ51fVNVnpF,1265,2026-06-02T12:44:14Z,2026-06-02T12:44:14Z,False,False
15560,game_ml2_2_build_pipeline.html,game_ml2_2_build_pipeline.html,editable,text/html,26508,https://sit-online.instructure.com/files/15560/download?download_frd=1&verifier=oiW7zMpXRz2fUx91Fx9GrJa49IGtmztGPvtcVgcw,1265,2026-06-02T12:44:14Z,2026-06-02T12:44:14Z,False,False
15559,game_ml2_3_confidence.html,game_ml2_3_confidence.html,editable,text/html,31839,https://sit-online.instructure.com/files/15559/download?download_frd=1&verifier=iGx9rxretaAr1j3pTZQkweTH0eGzDafX7VUZs4Jp,1265,2026-06-02T12:44:13Z,2026-06-02T12:44:13Z,False,False
15558,game_ml2_3_which_factor.html,game_ml2_3_which_factor.html,editable,text/html,11357,https://sit-online.instructure.com/files/15558/download?download_frd=1&verifier=JeiyOodrG9oa03Mfbsy9OeislkyjEztt3ZzJeDXb,1265,2026-06-02T12:44:12Z,2026-06-02T12:44:12Z,False,False
15580,game_ml3_1_phone_hotspot.html,game_ml3_1_phone_hotspot.html,editable,text/html,23699,https://sit-online.instructure.com/files/15580/download?download_frd=1&verifier=FZV5wHxJGm5UMI1ACHjAVHc9TiWV3QpdMGRU2XSs,1265,2026-06-02T14:56:32Z,2026-06-02T14:56:32Z,False,False
15579,game_ml3_2_read_your_feed.html,game_ml3_2_read_your_feed.html,editable,text/html,12418,https://sit-online.instructure.com/files/15579/download?download_frd=1&verifier=tsywOVaONXP61qogiUEF25OCRCGQrXwOtSxo5wi5,1265,2026-06-02T14:56:03Z,2026-06-02T14:56:03Z,False,False
15555,game_ml3_3_helpful_or_not.html,game_ml3_3_helpful_or_not.html,editable,text/html,26327,https://sit-online.instructure.com/files/15555/download?download_frd=1&verifier=BqSzqN8w2AYbFRC673GyVCcdKu5WcP7tBR1xV0Ur,1265,2026-06-02T12:44:10Z,2026-06-02T12:44:10Z,False,False
15567,game_ml4_1_spot_the_lie.html,game_ml4_1_spot_the_lie.html,editable,text/html,14429,https://sit-online.instructure.com/files/15567/download?download_frd=1&verifier=0HLFUmnuEa7Jnw1Bku0toIrqb1yWr4KZZOX7R3rg,1265,2026-06-02T13:38:48Z,2026-06-02T13:38:48Z,False,False
15553,game_ml4_2_bias_headlines.html,game_ml4_2_bias_headlines.html,editable,text/html,29257,https://sit-online.instructure.com/files/15553/download?download_frd=1&verifier=1JTCk9wM4fZIC8lt0A0WlJZQ4vEpyjQvnZmLCvh7,1265,2026-06-02T12:44:08Z,2026-06-02T12:44:08Z,False,False
15552,game_ml4_3_approval_queue.html,game_ml4_3_approval_queue.html,editable,text/html,26835,https://sit-online.instructure.com/files/15552/download?download_frd=1&verifier=BxKT0fW7snxubYEkikFUC2lENGrs0qacNRtcapTc,1265,2026-06-02T12:44:08Z,2026-06-02T12:44:08Z,False,False
15248,game.html,game.html,editable,text/html,125007,https://sit-online.instructure.com/files/15248/download?download_frd=1&verifier=gkgZcRcjixitNThbpmcD51cFJCHDjoDSfA9xEbXM,1265,2026-05-07T20:15:02Z,2026-05-07T20:15:02Z,False,False
15798,m02_ml4_1_garbage_tracer.html,Garbage Tracer,editable,text/html,8805,https://sit-online.instructure.com/files/15798/download?download_frd=1&verifier=eFNKaFp3B1OvpTYNfml1J5ZLQ4xAvz1lL0KzjZOH,1455,2026-06-02T22:22:31Z,2026-06-02T22:22:32Z,False,False
15818,m02_ml4_1_garbage_tracer.html,Garbage Tracer-1,editable,text/html,8451,https://sit-online.instructure.com/files/15818/download?download_frd=1&verifier=uvJYVBScxBSVvvlGUk8iNxOJaSjmYCEDIpG4FSdC,1455,2026-06-03T00:33:48Z,2026-06-03T00:33:49Z,False,False
15838,m02_ml4_1_garbage_tracer.html,Garbage Tracer-2,editable,text/html,8451,https://sit-online.instructure.com/files/15838/download?download_frd=1&verifier=970ltR7ZGqYgXvIE2oti0Bug4hFEov1Jctj5DWJl,1455,2026-06-03T00:42:20Z,2026-06-03T00:42:22Z,False,False
15888,m02_ml4_1_garbage_tracer.html,Garbage Tracer-3,editable,text/html,8451,https://sit-online.instructure.com/files/15888/download?download_frd=1&verifier=oNtQU7sVOyHnJ2aSBo7yyY10b3jGiX5gUbd76HUa,1455,2026-06-03T05:57:39Z,2026-06-04T15:32:51Z,False,False
15574,generative_ai.png,generative_ai.png,image,image/png,22154,https://sit-online.instructure.com/files/15574/download?download_frd=1&verifier=xjzegz7bCdzWrrV6ztM7OahE5QvGuumkBGLyjZGe,1453,2026-06-02T14:22:02Z,2026-06-02T14:22:03Z,False,True
15685,m04_hallucination_hunter.html,Hallucination Hunter,editable,text/html,17228,https://sit-online.instructure.com/files/15685/download?download_frd=1&verifier=KmRybTde1L3YOinuN3pZR9k1t0EGqRrE3z4JYN0f,1455,2026-06-02T20:38:11Z,2026-06-02T20:38:13Z,False,False
15737,m04_hallucination_hunter.html,Hallucination Hunter-1,editable,text/html,17228,https://sit-online.instructure.com/files/15737/download?download_frd=1&verifier=Bh7iJNTOrid0FFwlJ1I1ZK7ixJMKw7EUkzdAz6HC,1455,2026-06-02T20:46:33Z,2026-06-02T20:46:36Z,False,False
15772,m04_hallucination_hunter.html,Hallucination Hunter-2,editable,text/html,17228,https://sit-online.instructure.com/files/15772/download?download_frd=1&verifier=JJBeL1BJM9hiT2CA3KVwCYtX740jY3S5qVLNzoQy,1455,2026-06-02T20:53:41Z,2026-06-02T20:53:43Z,False,False
15918,m04_hallucination_hunter.html,Hallucination Hunter-3,editable,text/html,10017,https://sit-online.instructure.com/files/15918/download?download_frd=1&verifier=9aTpn9Z0KnwguTUTimPPnHSikCtcmTGNtZVjIDwI,1455,2026-06-03T05:58:14Z,2026-06-04T15:33:33Z,False,False
15232,intro-ai-hero.png,intro-ai-hero.png,image,image/png,51174,https://sit-online.instructure.com/files/15232/download?download_frd=1&verifier=HxGXFGa9r2V2es3s5ChVdBROjAF1k4o2lprvKyFX,1261,2026-05-01T22:47:26Z,2026-05-01T22:47:26Z,False,False
15243,L1_Canvas_Page.html,L1_Canvas_Page.html,editable,text/html,31114,https://sit-online.instructure.com/files/15243/download?download_frd=1&verifier=Z4dGQs07MDOGtspMsmBJlYG4KxSYmiBPEQBagj9z,1264,2026-05-03T08:03:19Z,2026-05-03T08:03:20Z,False,True
15793,m02_ml2_2_label_audit.html,Label Audit,editable,text/html,9082,https://sit-online.instructure.com/files/15793/download?download_frd=1&verifier=dKWA4mxANzrFZXEXhZWVRFnJfr95VNxiX9M34vro,1455,2026-06-02T22:22:30Z,2026-06-02T22:22:32Z,False,False
15813,m02_ml2_2_label_audit.html,Label Audit-1,editable,text/html,7704,https://sit-online.instructure.com/files/15813/download?download_frd=1&verifier=XLRHDSc3HbMx4jIMxcqsQoZQHL2f7wIUONcNyLW1,1455,2026-06-03T00:33:48Z,2026-06-03T00:33:49Z,False,False
15833,m02_ml2_2_label_audit.html,Label Audit-2,editable,text/html,7704,https://sit-online.instructure.com/files/15833/download?download_frd=1&verifier=3XGY81365EnS7iIryoRIhzg5Sz7XvZ8k8G3gZfau,1455,2026-06-03T00:42:19Z,2026-06-03T00:42:22Z,False,False
15883,m02_ml2_2_label_audit.html,Label Audit-3,editable,text/html,7704,https://sit-online.instructure.com/files/15883/download?download_frd=1&verifier=xFDQA9EVTOrpyVEEQeqAJN3AK1cWWCQzpqQUzJhP,1455,2026-06-03T05:57:38Z,2026-06-04T15:32:50Z,False,False
15800,m02_ml4_3_label_inspector.html,Label Inspector,editable,text/html,8509,https://sit-online.instructure.com/files/15800/download?download_frd=1&verifier=auhwF1ZDN5QTJmceuZZRgqBSGA38OnEPdzhieJ6n,1455,2026-06-02T22:22:31Z,2026-06-02T22:22:32Z,False,False
15820,m02_ml4_3_label_inspector.html,Label Inspector-1,editable,text/html,8889,https://sit-online.instructure.com/files/15820/download?download_frd=1&verifier=gyHJ5O6jhMjsOrGSY8tMbl5TAnlskkObbkfpH1S3,1455,2026-06-03T00:33:49Z,2026-06-03T00:33:50Z,False,False
15840,m02_ml4_3_label_inspector.html,Label Inspector-2,editable,text/html,8889,https://sit-online.instructure.com/files/15840/download?download_frd=1&verifier=ghVLCoLbwa94mMzDvxHdbji1SFO1tOxNancN62CC,1455,2026-06-03T00:42:21Z,2026-06-03T00:42:22Z,False,False
15890,m02_ml4_3_label_inspector.html,Label Inspector-3,editable,text/html,8889,https://sit-online.instructure.com/files/15890/download?download_frd=1&verifier=6kKggN1DYmjwhrP68D5gi8ZIgLhXmz8XpVhkEnBp,1455,2026-06-03T05:57:40Z,2026-06-04T15:32:51Z,False,False
15630,m03_ml1_1_label_this.html,Label This!,editable,text/html,10912,https://sit-online.instructure.com/files/15630/download?download_frd=1&verifier=MnuomcBOz8dJt0hxR6kFyoFsAPwmrm7oVOLoo2Q3,1455,2026-06-02T19:05:05Z,2026-06-02T19:05:07Z,False,False
15648,m03_ml1_1_label_this.html,Label This!-1,editable,text/html,10912,https://sit-online.instructure.com/files/15648/download?download_frd=1&verifier=cOwCUJhMdootwyjyvwdeodzJSLS9yxtGMdXrF7vO,1455,2026-06-02T20:01:31Z,2026-06-02T20:01:34Z,False,False
15666,m03_ml1_1_label_this.html,Label This!-2,editable,text/html,10912,https://sit-online.instructure.com/files/15666/download?download_frd=1&verifier=glZc0LCK56WfaVWArHUvVHtxHVwa3TEoBmaLHgWW,1455,2026-06-02T20:14:24Z,2026-06-02T20:14:26Z,False,False
15701,m03_ml1_1_label_this.html,Label This!-3,editable,text/html,10912,https://sit-online.instructure.com/files/15701/download?download_frd=1&verifier=2X0EnqvYzaJMkF1Mf5iB5pdSJP0fFS0allyr9zH8,1455,2026-06-02T20:38:24Z,2026-06-02T20:38:27Z,False,False
15719,m03_ml1_1_label_this.html,Label This!-4,editable,text/html,10912,https://sit-online.instructure.com/files/15719/download?download_frd=1&verifier=pF67Z9Je4dfpMvTSJlfSZs50VxJecgoz4WG91yb8,1455,2026-06-02T20:46:14Z,2026-06-02T20:46:17Z,False,False
15755,m03_ml1_1_label_this.html,Label This!-5,editable,text/html,10912,https://sit-online.instructure.com/files/15755/download?download_frd=1&verifier=SxjviW3CS2Ow0CcIOU4Dv2mPtRBh9ifGwIxlBi00,1455,2026-06-02T20:53:21Z,2026-06-02T20:53:24Z,False,False
15848,m03_ml1_1_label_this.html,Label This!-6,editable,text/html,10912,https://sit-online.instructure.com/files/15848/download?download_frd=1&verifier=MztAgZA2YrfyuXBEFOGH59ZKzCKNtOkLuf1cHh4d,1455,2026-06-03T00:49:04Z,2026-06-03T00:49:06Z,False,False
15899,m03_ml1_1_label_this.html,Label This!-7,editable,text/html,10912,https://sit-online.instructure.com/files/15899/download?download_frd=1&verifier=UKVaZAtke1nBflygx7elCzaOgpZXnc6J17QojV6t,1455,2026-06-03T05:57:55Z,2026-06-04T15:33:12Z,False,False
15797,m02_ml3_3_leakage_detective.html,Leakage Detective,editable,text/html,8873,https://sit-online.instructure.com/files/15797/download?download_frd=1&verifier=dtG9gNKnG82RTEc2OhxTHcikg9vyBGXdf7zLAdW4,1455,2026-06-02T22:22:31Z,2026-06-02T22:22:32Z,False,False
15817,m02_ml3_3_leakage_detective.html,Leakage Detective-1,editable,text/html,9721,https://sit-online.instructure.com/files/15817/download?download_frd=1&verifier=zxtjUAV46lBNmV0UXOyE2xOJ8QivhMAGgoqaB1FX,1455,2026-06-03T00:33:48Z,2026-06-03T00:33:49Z,False,False
15837,m02_ml3_3_leakage_detective.html,Leakage Detective-2,editable,text/html,9721,https://sit-online.instructure.com/files/15837/download?download_frd=1&verifier=ChAcqEVAtZN6OZ8tS1xbrpO9pZ8no2Y88G7gF2Yl,1455,2026-06-03T00:42:20Z,2026-06-03T00:42:22Z,False,False
15887,m02_ml3_3_leakage_detective.html,Leakage Detective-3,editable,text/html,9721,https://sit-online.instructure.com/files/15887/download?download_frd=1&verifier=vR7SSBlvmZgV65jAsGM76xuKNchyGq3WOqIDAY9M,1455,2026-06-03T05:57:39Z,2026-06-04T15:32:50Z,False,False
15575,llm_hallucination.png,llm_hallucination.png,image,image/png,23413,https://sit-online.instructure.com/files/15575/download?download_frd=1&verifier=lkuLqjxt0QSHNlcBIfpfRwyePqAyAyqhZwpbsFQ8,1453,2026-06-02T14:22:02Z,2026-06-02T14:22:03Z,False,True
15549,m01_l1_micro1_whos_driving.html,m01_l1_micro1_whos_driving.html,editable,text/html,28921,https://sit-online.instructure.com/files/15549/download?download_frd=1&verifier=NRUVxJ3Yp2prSO9olPnV8V18kpKkO9yaqWpanVyj,1265,2026-06-02T10:45:10Z,2026-06-02T10:45:10Z,False,False
15354,m01-checklist.html,m01-checklist.html,editable,text/html,23368,https://sit-online.instructure.com/files/15354/download?download_frd=1&verifier=dsImPXC5ATtgsvfW3oCIfuLpi1JMCpUUeeq8vv4P,1265,2026-05-27T09:49:17Z,2026-05-27T09:49:17Z,False,False
16191,m02_data_system_diagram.html,m02_data_system_diagram.html,editable,text/html,12696,https://sit-online.instructure.com/files/16191/download?download_frd=1&verifier=dg5Simg5M2Pu7pmn1mwLDHC7JAGSyaxXBxY5Ey7h,1455,2026-06-04T15:32:46Z,2026-06-04T15:32:46Z,False,False
16188,M2_L1_Quiz_Question_Bank.txt,M2_L1_Quiz_Question_Bank.txt,editable,text/plain,3488,https://sit-online.instructure.com/files/16188/download?download_frd=1&verifier=0pFI3AtCeGLp1VOWhblRz3138qrnDbrNENnPlXpO,1260,2026-06-04T15:32:46Z,2026-06-04T15:32:46Z,False,False
16192,m02_l2_features_labels_workshop.html,m02_l2_features_labels_workshop.html,editable,text/html,13473,https://sit-online.instructure.com/files/16192/download?download_frd=1&verifier=AtN4zWouS8ChewNcBcs9reY6EAayvQh7u2x5QhnP,1455,2026-06-04T15:32:47Z,2026-06-04T15:32:47Z,False,False
16189,M2_L3_Quiz_Question_Bank.txt,M2_L3_Quiz_Question_Bank.txt,editable,text/plain,3518,https://sit-online.instructure.com/files/16189/download?download_frd=1&verifier=QQCFeyGLhbfdZZeWDZ6TzXTyGyJNGAs89hskLeLK,1260,2026-06-04T15:32:46Z,2026-06-04T15:32:46Z,False,False
16193,m02_ml1_1_data_or_not.html,m02_ml1_1_data_or_not.html,editable,text/html,7857,https://sit-online.instructure.com/files/16193/download?download_frd=1&verifier=gWHkaul13dXDC3HvH9WaimdhxkXZa7w4Xg2gEBhC,1455,2026-06-04T15:32:47Z,2026-06-04T15:32:47Z,False,False
16194,m02_ml1_2_recommender_map.html,m02_ml1_2_recommender_map.html,editable,text/html,7876,https://sit-online.instructure.com/files/16194/download?download_frd=1&verifier=VqrxUHuslr6VCe8ol9cyZP23DrpqY6yI1Hxb1Bkq,1455,2026-06-04T15:32:47Z,2026-06-04T15:32:47Z,False,False
16195,m02_ml1_3_structure_spotter.html,m02_ml1_3_structure_spotter.html,editable,text/html,8001,https://sit-online.instructure.com/files/16195/download?download_frd=1&verifier=3CBufq3yruXJvlrDAxt6pJSHkU6V4BRMpVTb8BMl,1455,2026-06-04T15:32:47Z,2026-06-04T15:32:47Z,False,False
16196,m02_ml2_1_feature_finder.html,m02_ml2_1_feature_finder.html,editable,text/html,8351,https://sit-online.instructure.com/files/16196/download?download_frd=1&verifier=1MTIbEHwCWkJjUIrXM0HFaBM8IsepqOsvMwEL3Zr,1455,2026-06-04T15:32:48Z,2026-06-04T15:32:48Z,False,False
16197,m02_ml2_2_label_audit.html,m02_ml2_2_label_audit.html,editable,text/html,7704,https://sit-online.instructure.com/files/16197/download?download_frd=1&verifier=xs64Wvt79xnKhI7OWwPOgiz3W4RrsqmmkVgme1xK,1455,2026-06-04T15:32:48Z,2026-06-04T15:32:48Z,False,False
16198,m02_ml2_3_feature_builder.html,m02_ml2_3_feature_builder.html,editable,text/html,8124,https://sit-online.instructure.com/files/16198/download?download_frd=1&verifier=dBZC2zrqiQikOYqXpOz8uCyi7ZCwNvqBNSSLfNgM,1455,2026-06-04T15:32:48Z,2026-06-04T15:32:48Z,False,False
16200,m02_ml3_1_memorize_or_learn.html,m02_ml3_1_memorize_or_learn.html,editable,text/html,8665,https://sit-online.instructure.com/files/16200/download?download_frd=1&verifier=XMgRooljYh0Vw3KJl73mNF6vLBxAJC4ccaPFbkBh,1455,2026-06-04T15:32:48Z,2026-06-04T15:32:48Z,False,False
16201,m02_ml3_2_split_the_data.html,m02_ml3_2_split_the_data.html,editable,text/html,8011,https://sit-online.instructure.com/files/16201/download?download_frd=1&verifier=UuGoCSoqC7eDB0iYgzBwFTWT3sdzL0f6TMrJhzB0,1455,2026-06-04T15:32:49Z,2026-06-04T15:32:49Z,False,False
16202,m02_ml3_3_leakage_detective.html,m02_ml3_3_leakage_detective.html,editable,text/html,9721,https://sit-online.instructure.com/files/16202/download?download_frd=1&verifier=NMZmPGRPrHtEMts1crHKdz9wpJYiQILU2hEAZSwj,1455,2026-06-04T15:32:49Z,2026-06-04T15:32:49Z,False,False
16203,m02_ml4_1_garbage_tracer.html,m02_ml4_1_garbage_tracer.html,editable,text/html,8451,https://sit-online.instructure.com/files/16203/download?download_frd=1&verifier=ou1OYCQREhg3D2ZJ1djVrpvLUavKB2rW5GsxXNcD,1455,2026-06-04T15:32:49Z,2026-06-04T15:32:49Z,False,False
16204,m02_ml4_2_bias_source_tracker.html,m02_ml4_2_bias_source_tracker.html,editable,text/html,8455,https://sit-online.instructure.com/files/16204/download?download_frd=1&verifier=HJa7M9szH98FbRoYGitWNcQCl0AqrWCan3ZPwG7v,1455,2026-06-04T15:32:49Z,2026-06-04T15:32:49Z,False,False
16205,m02_ml4_3_label_inspector.html,m02_ml4_3_label_inspector.html,editable,text/html,8889,https://sit-online.instructure.com/files/16205/download?download_frd=1&verifier=rfu8yMwDEhudbo87UIiR0lzohGmpYSkckeZLA6ok,1455,2026-06-04T15:32:50Z,2026-06-04T15:32:50Z,False,False
15806,M2_Module_Quiz_Question_Bank.txt,M2_Module_Quiz_Question_Bank-1.txt,editable,text/plain,4884,https://sit-online.instructure.com/files/15806/download?download_frd=1&verifier=JrplLc2NGyu3mY771wB8ITvCMOlgLXh8ClnIH6Jy,1260,2026-06-03T00:33:47Z,2026-06-03T00:33:50Z,False,False
15826,M2_Module_Quiz_Question_Bank.txt,M2_Module_Quiz_Question_Bank-2.txt,editable,text/plain,4884,https://sit-online.instructure.com/files/15826/download?download_frd=1&verifier=RdyHwptZG41mcNskg9E3cM1alsfjZaHIvNyGSpqK,1260,2026-06-03T00:42:17Z,2026-06-03T00:42:23Z,False,False
15876,M2_Module_Quiz_Question_Bank.txt,M2_Module_Quiz_Question_Bank-3.txt,editable,text/plain,4884,https://sit-online.instructure.com/files/15876/download?download_frd=1&verifier=jWSSu9eg9R8XqQMWZtenM84YOfcmeW8WWfB6qIJ4,1260,2026-06-03T05:57:37Z,2026-06-04T15:32:51Z,False,False
16190,M2_Module_Quiz_Question_Bank.txt,M2_Module_Quiz_Question_Bank-4.txt,editable,text/plain,4884,https://sit-online.instructure.com/files/16190/download?download_frd=1&verifier=XdHf7H2acuPSdxtiiv1OzMzhaHJNtfS3aVTmaSZt,1260,2026-06-04T15:32:46Z,2026-06-04T15:32:46Z,False,False
15787,M2_Module_Quiz_Question_Bank.txt,M2_Module_Quiz_Question_Bank.txt,editable,text/plain,4884,https://sit-online.instructure.com/files/15787/download?download_frd=1&verifier=PJDogK3I7KqLEhw0dGguzsP4gjfezo3rRl8qKHfk,1260,2026-06-02T22:22:30Z,2026-06-02T22:22:30Z,False,False
16212,m03_activity.html,m03_activity-1.html,editable,text/html,8469,https://sit-online.instructure.com/files/16212/download?download_frd=1&verifier=iMgfVMDxSFh7jTj4kyz6h1Fe784R3RCh7TcsrbgU,1455,2026-06-04T15:33:10Z,2026-06-04T15:33:10Z,False,False
15603,m03_activity.html,m03_activity.html,editable,text/html,8469,https://sit-online.instructure.com/files/15603/download?download_frd=1&verifier=1fC3o3jLeQ5xPAA7EGrgJzZky1RjwqFTPj7hRved,1455,2026-06-02T16:40:39Z,2026-06-02T16:41:07Z,True,False
16209,M3_L1_Quiz_Question_Bank.txt,M3_L1_Quiz_Question_Bank.txt,editable,text/plain,3316,https://sit-online.instructure.com/files/16209/download?download_frd=1&verifier=iLp6R7UrtctNWHCyTHRh5os4NYuftZoNcFwhL7ir,1260,2026-06-04T15:33:09Z,2026-06-04T15:33:09Z,False,False
16210,M3_L3_Quiz_Question_Bank.txt,M3_L3_Quiz_Question_Bank.txt,editable,text/plain,3438,https://sit-online.instructure.com/files/16210/download?download_frd=1&verifier=THxd9obEMh0EpOZB08A2y6JFQOzAQWrjxTmwA4Ot,1260,2026-06-04T15:33:09Z,2026-06-04T15:33:09Z,False,False
16213,m03_ml1_1_label_this.html,m03_ml1_1_label_this.html,editable,text/html,10912,https://sit-online.instructure.com/files/16213/download?download_frd=1&verifier=pXVvdwjQxLQH1yINlVXsKUzhrNvFYoB7Syzhc7AR,1455,2026-06-04T15:33:10Z,2026-06-04T15:33:10Z,False,False
16214,m03_ml1_2_sample_stack.html,m03_ml1_2_sample_stack.html,editable,text/html,11778,https://sit-online.instructure.com/files/16214/download?download_frd=1&verifier=bqLKsRi7RnkwhV79ak0FmYdf8fmBpm8pUwyoBzs9,1455,2026-06-04T15:33:10Z,2026-06-04T15:33:10Z,False,False
16215,m03_ml1_3_photo_scout.html,m03_ml1_3_photo_scout.html,editable,text/html,11990,https://sit-online.instructure.com/files/16215/download?download_frd=1&verifier=1kPIO28yZnOtofL33UFjPSlxr6Qg1PgpyIKqZMSu,1455,2026-06-04T15:33:10Z,2026-06-04T15:33:10Z,False,False
16216,m03_ml2_1_problem_pitch.html,m03_ml2_1_problem_pitch.html,editable,text/html,11336,https://sit-online.instructure.com/files/16216/download?download_frd=1&verifier=6rbz5Uwz7r6qO1QAlWwgDN8E07N1iuEMiXlb79NV,1455,2026-06-04T15:33:11Z,2026-06-04T15:33:11Z,False,False
16217,m03_ml2_2_balance_scale.html,m03_ml2_2_balance_scale.html,editable,text/html,9415,https://sit-online.instructure.com/files/16217/download?download_frd=1&verifier=ueG6HnPRL7qp6eo5X36JRVqKNcVrMukoa6YsHDwx,1455,2026-06-04T15:33:11Z,2026-06-04T15:33:11Z,False,False
16218,m03_ml2_3_save_point.html,m03_ml2_3_save_point.html,editable,text/html,10446,https://sit-online.instructure.com/files/16218/download?download_frd=1&verifier=knCPVFbhBJarea3clBuwPHlPllegttAH2KYPYAiE,1455,2026-06-04T15:33:11Z,2026-06-04T15:33:11Z,False,False
16219,m03_ml3_1_stakes_match.html,m03_ml3_1_stakes_match.html,editable,text/html,9127,https://sit-online.instructure.com/files/16219/download?download_frd=1&verifier=IHYPnSpG0f3avaL2HP2EhobUWEeaUbtSQD5Rv8TP,1455,2026-06-04T15:33:11Z,2026-06-04T15:33:11Z,False,False
16220,m03_ml3_3_calibration_check.html,m03_ml3_3_calibration_check.html,editable,text/html,10433,https://sit-online.instructure.com/files/16220/download?download_frd=1&verifier=F6FUJySRlVln1NB619K2gTEjO5cphw4yHGyvip0v,1455,2026-06-04T15:33:11Z,2026-06-04T15:33:11Z,False,False
16221,m03_ml4_1_stakes_tier.html,m03_ml4_1_stakes_tier.html,editable,text/html,8825,https://sit-online.instructure.com/files/16221/download?download_frd=1&verifier=djDaSUqiVtYXbbzp6aZJLTfaRZjKCWB1IXp1H82C,1455,2026-06-04T15:33:12Z,2026-06-04T15:33:12Z,False,False
16222,m03_ml4_3_more_data_helps.html,m03_ml4_3_more_data_helps.html,editable,text/html,11363,https://sit-online.instructure.com/files/16222/download?download_frd=1&verifier=QDr99BjBAAckYsOs8qLzkNUQ3mfBFibb16qB7iD7,1455,2026-06-04T15:33:12Z,2026-06-04T15:33:12Z,False,False
16223,m03_model_card_builder.html,m03_model_card_builder.html,editable,text/html,18847,https://sit-online.instructure.com/files/16223/download?download_frd=1&verifier=JP6UZZ4aw7MfZ7ydwUGFhzVU0tRTQ6EngNm9etcW,1455,2026-06-04T15:33:12Z,2026-06-04T15:33:12Z,False,False
16224,m03_model_trading_card.html,m03_model_trading_card.html,editable,text/html,23559,https://sit-online.instructure.com/files/16224/download?download_frd=1&verifier=5c2z3XlnFlQrRPlWwhqx2FOnhizQKUObaJoqgKfK,1455,2026-06-04T15:33:12Z,2026-06-04T15:33:12Z,False,False
15753,M3_Module_Quiz_Question_Bank.txt,M3_Module_Quiz_Question_Bank-1.txt,editable,text/plain,4913,https://sit-online.instructure.com/files/15753/download?download_frd=1&verifier=F5CUvbOBo4j7ytOjqmPjCCLrD7eISCvezC0iamXW,1260,2026-06-02T20:53:21Z,2026-06-02T20:53:25Z,False,False
15846,M3_Module_Quiz_Question_Bank.txt,M3_Module_Quiz_Question_Bank-2.txt,editable,text/plain,4913,https://sit-online.instructure.com/files/15846/download?download_frd=1&verifier=kdPpOLcojAqJp2kb5bKJusLPXifiPz0LS1kGFjCB,1260,2026-06-03T00:49:03Z,2026-06-03T00:49:07Z,False,False
15897,M3_Module_Quiz_Question_Bank.txt,M3_Module_Quiz_Question_Bank-3.txt,editable,text/plain,4913,https://sit-online.instructure.com/files/15897/download?download_frd=1&verifier=KmN5g8T64SOGn06KeHEZQoo5MDuvlXSClFNIqDVQ,1260,2026-06-03T05:57:55Z,2026-06-05T09:30:32Z,False,False
16211,M3_Module_Quiz_Question_Bank.txt,M3_Module_Quiz_Question_Bank-4.txt,editable,text/plain,4913,https://sit-online.instructure.com/files/16211/download?download_frd=1&verifier=YhyR5NgPFGyhi8iCskr4rXQhkHcZXAM0fk6wgS8Z,1260,2026-06-04T15:33:09Z,2026-06-04T15:33:09Z,False,False
15699,M3_Module_Quiz_Question_Bank.txt,M3_Module_Quiz_Question_Bank-5.txt,editable,text/plain,4913,https://sit-online.instructure.com/files/15699/download?download_frd=1&verifier=lI123NBIuNldfqUbE74w5dtRzQH7Donao7WTR5gm,1260,2026-06-02T20:38:24Z,2026-06-02T20:38:56Z,False,False
15717,M3_Module_Quiz_Question_Bank.txt,M3_Module_Quiz_Question_Bank.txt,editable,text/plain,4913,https://sit-online.instructure.com/files/15717/download?download_frd=1&verifier=nr5nNA3UD37mn1NNrbYz83vC4TF5Iz8NGHXwnuB3,1260,2026-06-02T20:46:14Z,2026-06-02T20:46:14Z,False,False
16225,m03_shortcut_detective.html,m03_shortcut_detective.html,editable,text/html,27186,https://sit-online.instructure.com/files/16225/download?download_frd=1&verifier=cLQKzBfNuv1tJtfwTRYITZug3qbS17B7a55npocb,1455,2026-06-04T15:33:12Z,2026-06-04T15:33:12Z,False,False
15602,m03-checklist.html,m03-checklist.html,editable,text/html,18798,https://sit-online.instructure.com/files/15602/download?download_frd=1&verifier=xq6IpSTadY2Q1xSUILuM6t7sdykbtyWstFlHTiAs,1454,2026-06-02T16:40:39Z,2026-06-02T16:41:07Z,True,False
15585,m03-discussion.html,m03-discussion.html,editable,text/html,10907,https://sit-online.instructure.com/files/15585/download?download_frd=1&verifier=qxYC4brO0wvCXD4UMXGGwuti4j7wwlVL20OtUN73,1454,2026-06-02T16:40:36Z,2026-06-02T16:41:05Z,True,False
15587,m03-l1-ml1.html,m03-l1-ml1.html,editable,text/html,12100,https://sit-online.instructure.com/files/15587/download?download_frd=1&verifier=dcVREam1aHQHy9yri56a7lV81FlQXXY2rJeK5vMh,1454,2026-06-02T16:40:36Z,2026-06-02T16:41:05Z,True,False
15588,m03-l1-ml2.html,m03-l1-ml2.html,editable,text/html,12196,https://sit-online.instructure.com/files/15588/download?download_frd=1&verifier=ZRrIZLHWR4IugoTR0ALAPTAvY34aqseJ0DMBXLUl,1454,2026-06-02T16:40:36Z,2026-06-02T16:41:06Z,True,False
15589,m03-l1-ml3.html,m03-l1-ml3.html,editable,text/html,12147,https://sit-online.instructure.com/files/15589/download?download_frd=1&verifier=UdiZeolvswHGfSMWQLcYpRnVlfJgo2djFtLCTjzc,1454,2026-06-02T16:40:36Z,2026-06-02T16:41:06Z,True,False
15586,m03-l1.html,m03-l1.html,editable,text/html,13678,https://sit-online.instructure.com/files/15586/download?download_frd=1&verifier=4Gq63RhvoK0q9NgrWGWhz6iDTaqWjFkHD2POno94,1454,2026-06-02T16:40:36Z,2026-06-02T16:41:05Z,True,False
15591,m03-l2-ml1.html,m03-l2-ml1.html,editable,text/html,12225,https://sit-online.instructure.com/files/15591/download?download_frd=1&verifier=HBxQVPLfsa1J5KWJKOuzIVwgcpU0Sp55lbgiR2Zl,1454,2026-06-02T16:40:37Z,2026-06-02T16:41:06Z,True,False
15592,m03-l2-ml2.html,m03-l2-ml2.html,editable,text/html,12115,https://sit-online.instructure.com/files/15592/download?download_frd=1&verifier=3DxjkuTDWEp4UctzqwGJr9fYCpB2t8DofsedMYsR,1454,2026-06-02T16:40:37Z,2026-06-02T16:41:06Z,True,False
15593,m03-l2-ml3.html,m03-l2-ml3.html,editable,text/html,12112,https://sit-online.instructure.com/files/15593/download?download_frd=1&verifier=CbWYAPMeZfUfyzOtRxInGNlrW7E54Aa5nIVkjJwe,1454,2026-06-02T16:40:37Z,2026-06-02T16:41:06Z,True,False
15590,m03-l2.html,m03-l2.html,editable,text/html,13562,https://sit-online.instructure.com/files/15590/download?download_frd=1&verifier=TxpvD9D6tTh9Bmvb8U0iMEgeTb8SCV6Bm7uANQ47,1454,2026-06-02T16:40:37Z,2026-06-02T16:41:06Z,True,False
15595,m03-l3-ml1.html,m03-l3-ml1.html,editable,text/html,12147,https://sit-online.instructure.com/files/15595/download?download_frd=1&verifier=lVM7SBXH6sdE5dbcsys1HBcx9Bd0FjMbzaEVD0oV,1454,2026-06-02T16:40:37Z,2026-06-02T16:41:06Z,True,False
15596,m03-l3-ml2.html,m03-l3-ml2.html,editable,text/html,12052,https://sit-online.instructure.com/files/15596/download?download_frd=1&verifier=fN80aEibj9Ula3MPsvIKnf2sx4gvJsUZeXTvc7fg,1454,2026-06-02T16:40:38Z,2026-06-02T16:41:06Z,True,False
15597,m03-l3-ml3.html,m03-l3-ml3.html,editable,text/html,12078,https://sit-online.instructure.com/files/15597/download?download_frd=1&verifier=zkbbGK3tuNjhG4ao6LJRwROCgCtERnDQ4jKSd8ni,1454,2026-06-02T16:40:38Z,2026-06-02T16:41:06Z,True,False
15594,m03-l3.html,m03-l3.html,editable,text/html,13493,https://sit-online.instructure.com/files/15594/download?download_frd=1&verifier=XEATPH5b2XzxBkIF954bjEpU4S8y1d4z1IwQn2rU,1454,2026-06-02T16:40:37Z,2026-06-02T16:41:06Z,True,False
15599,m03-l4-ml1.html,m03-l4-ml1.html,editable,text/html,12061,https://sit-online.instructure.com/files/15599/download?download_frd=1&verifier=nqMMhaBLU1f9wUeLHZgragaYYc5N0K6Wdl449y3B,1454,2026-06-02T16:40:38Z,2026-06-02T16:41:06Z,True,False
15600,m03-l4-ml2.html,m03-l4-ml2.html,editable,text/html,12191,https://sit-online.instructure.com/files/15600/download?download_frd=1&verifier=1tFiFGsFiG6sIVWycuHOu24qf4uN0YJy5DVVnVt3,1454,2026-06-02T16:40:38Z,2026-06-02T16:41:06Z,True,False
15601,m03-l4-ml3.html,m03-l4-ml3.html,editable,text/html,12037,https://sit-online.instructure.com/files/15601/download?download_frd=1&verifier=tTMs9yPk9gO61RJnMfs06C9xRObHcG3yryL2b8j6,1454,2026-06-02T16:40:38Z,2026-06-02T16:41:07Z,True,False
15598,m03-l4.html,m03-l4.html,editable,text/html,13597,https://sit-online.instructure.com/files/15598/download?download_frd=1&verifier=Yyenk6YtytMz9mRxseWzO3tZICFUO8lBkAVL8tEq,1454,2026-06-02T16:40:38Z,2026-06-02T16:41:06Z,True,False
15584,m03-overview.html,m03-overview.html,editable,text/html,18672,https://sit-online.instructure.com/files/15584/download?download_frd=1&verifier=3fGGGnKg3Ds7H3CtO7k3qUVaBlXKDZqQ5azaT1eM,1454,2026-06-02T16:40:36Z,2026-06-02T16:41:05Z,True,False
16231,m04_activity.html,m04_activity-1.html,editable,text/html,9136,https://sit-online.instructure.com/files/16231/download?download_frd=1&verifier=U9Nh2BQCTpHptAYkU0pRCCiUnRfvbMW4M47xfzF7,1455,2026-06-04T15:33:30Z,2026-06-04T15:33:30Z,False,False
15613,m04_activity.html,m04_activity.html,editable,text/html,9136,https://sit-online.instructure.com/files/15613/download?download_frd=1&verifier=QaFvdvX2PdkXYVFbh0uymvZm8VqEU9pxAnkj2Rrw,1455,2026-06-02T16:48:18Z,2026-06-02T16:48:18Z,False,False
16232,m04_hallucination_hunter.html,m04_hallucination_hunter.html,editable,text/html,10017,https://sit-online.instructure.com/files/16232/download?download_frd=1&verifier=K7KiM9D36tprHPhqTDplj5cwRMUMulN5D3T8liJr,1455,2026-06-04T15:33:30Z,2026-06-04T15:33:30Z,False,False
16228,M4_L1_Quiz_Question_Bank.txt,M4_L1_Quiz_Question_Bank.txt,editable,text/plain,3439,https://sit-online.instructure.com/files/16228/download?download_frd=1&verifier=cml0PZJslzDqswVchvvIJOIFmjCtFIvYNaNrHAK1,1260,2026-06-04T15:33:29Z,2026-06-04T15:33:29Z,False,False
16233,m04_l2_privacy_audit_workshop.html,m04_l2_privacy_audit_workshop.html,editable,text/html,16989,https://sit-online.instructure.com/files/16233/download?download_frd=1&verifier=DJErdqmlErdb0Rkj4shqOuukcE1Kdwa77trUjl5P,1455,2026-06-04T15:33:30Z,2026-06-04T15:33:30Z,False,False
16229,M4_L3_Quiz_Question_Bank.txt,M4_L3_Quiz_Question_Bank.txt,editable,text/plain,3652,https://sit-online.instructure.com/files/16229/download?download_frd=1&verifier=nQCpLMUKwgi6tR8TD35d8REKfWSSihGj8Z51JvFM,1260,2026-06-04T15:33:29Z,2026-06-04T15:33:29Z,False,False
16234,m04_ml1_1_define_fair.html,m04_ml1_1_define_fair.html,editable,text/html,8232,https://sit-online.instructure.com/files/16234/download?download_frd=1&verifier=lpwKzkiAPb3Fh77ThKVF35jlcpAJRQDhk2Ss9gsv,1455,2026-06-04T15:33:30Z,2026-06-04T15:33:30Z,False,False
16235,m04_ml1_2_spot_proxy.html,m04_ml1_2_spot_proxy.html,editable,text/html,9280,https://sit-online.instructure.com/files/16235/download?download_frd=1&verifier=vyBj1cdVZJau7udYsNaK1OGed1uqO0U4CoaqVFSN,1455,2026-06-04T15:33:31Z,2026-06-04T15:33:31Z,False,False
16236,m04_ml1_3_cost_calculator.html,m04_ml1_3_cost_calculator.html,editable,text/html,8477,https://sit-online.instructure.com/files/16236/download?download_frd=1&verifier=UR4CmkwUcvFDzIY1HSUfqP1IQ3W0dEm0UeLSf9ae,1455,2026-06-04T15:33:31Z,2026-06-04T15:33:31Z,False,False
16237,m04_ml2_1_reidentify.html,m04_ml2_1_reidentify.html,editable,text/html,9078,https://sit-online.instructure.com/files/16237/download?download_frd=1&verifier=Gm04nNCFmSdlGBDD88jcRwVqBxPVvF8JgeMG9zp2,1455,2026-06-04T15:33:31Z,2026-06-04T15:33:31Z,False,False
16238,m04_ml2_2_privacy_read.html,m04_ml2_2_privacy_read.html,editable,text/html,9495,https://sit-online.instructure.com/files/16238/download?download_frd=1&verifier=VfvHOy8iPirz2TyNjSqMkZxcy4SGwLASGJih4epU,1455,2026-06-04T15:33:31Z,2026-06-04T15:33:31Z,False,False
16239,m04_ml2_3_dark_pattern.html,m04_ml2_3_dark_pattern.html,editable,text/html,9022,https://sit-online.instructure.com/files/16239/download?download_frd=1&verifier=KsxXx5CkzOzLVXuVIG9NbFBzuc1MTAUj2GSPMLh8,1455,2026-06-04T15:33:32Z,2026-06-04T15:33:32Z,False,False
16240,m04_ml3_1_next_word.html,m04_ml3_1_next_word.html,editable,text/html,8518,https://sit-online.instructure.com/files/16240/download?download_frd=1&verifier=cCqoEbe7xZVjeh7DyqiCdwOkqc1xOstrxW2wBCjz,1455,2026-06-04T15:33:32Z,2026-06-04T15:33:32Z,False,False
16241,m04_ml3_3_same_prompt.html,m04_ml3_3_same_prompt.html,editable,text/html,9528,https://sit-online.instructure.com/files/16241/download?download_frd=1&verifier=jtq1aP96gyeBs9wjnBaB8bcvLRYaA9L56jdD4ix5,1455,2026-06-04T15:33:32Z,2026-06-04T15:33:32Z,False,False
16242,m04_ml4_1_wheres_human.html,m04_ml4_1_wheres_human.html,editable,text/html,10030,https://sit-online.instructure.com/files/16242/download?download_frd=1&verifier=uoM3IJwk8xcf16WJQF1WjuB0qmTaF23daSHXCz1D,1455,2026-06-04T15:33:32Z,2026-06-04T15:33:32Z,False,False
16243,m04_ml4_2_stakes_sort.html,m04_ml4_2_stakes_sort.html,editable,text/html,8302,https://sit-online.instructure.com/files/16243/download?download_frd=1&verifier=uSFXDw3CknnItNxZojGquaIo3yFNlogkru7NToMW,1455,2026-06-04T15:33:33Z,2026-06-04T15:33:33Z,False,False
16244,m04_ml4_3_risk_review.html,m04_ml4_3_risk_review.html,editable,text/html,11974,https://sit-online.instructure.com/files/16244/download?download_frd=1&verifier=vaHmfycstR1aOePm9POg95MTYa80Katm1SqmEUFW,1455,2026-06-04T15:33:33Z,2026-06-04T15:33:33Z,False,False
15770,M4_Module_Quiz_Question_Bank.txt,M4_Module_Quiz_Question_Bank-1.txt,editable,text/plain,5263,https://sit-online.instructure.com/files/15770/download?download_frd=1&verifier=qQK066qnqVcvLbzQpVmEkr6ThOOaerxySJRJXQL8,1260,2026-06-02T20:53:40Z,2026-06-02T20:53:44Z,False,False
15683,M4_Module_Quiz_Question_Bank.txt,M4_Module_Quiz_Question_Bank-2.txt,editable,text/plain,5263,https://sit-online.instructure.com/files/15683/download?download_frd=1&verifier=9lsLATkJTjy551k4HZyb7ojyQvqr6YKUZxgTGrin,1260,2026-06-02T20:38:10Z,2026-06-02T20:38:14Z,False,False
15916,M4_Module_Quiz_Question_Bank.txt,M4_Module_Quiz_Question_Bank-3.txt,editable,text/plain,5263,https://sit-online.instructure.com/files/15916/download?download_frd=1&verifier=J6pL3VLx4lqFx337vb5DS2BnCGBwzOZigWnOKuvE,1260,2026-06-03T05:58:14Z,2026-06-04T15:33:34Z,False,False
16230,M4_Module_Quiz_Question_Bank.txt,M4_Module_Quiz_Question_Bank-4.txt,editable,text/plain,5263,https://sit-online.instructure.com/files/16230/download?download_frd=1&verifier=KXlw81EX9lIbM3JVsCejRRgIKqVpmxcZX1TIX6VH,1260,2026-06-04T15:33:30Z,2026-06-04T15:33:30Z,False,False
15735,M4_Module_Quiz_Question_Bank.txt,M4_Module_Quiz_Question_Bank.txt,editable,text/plain,5263,https://sit-online.instructure.com/files/15735/download?download_frd=1&verifier=2HNtPg3v6wA5l0tddKyCL6pCKKiSCXxS1lxl52Qc,1260,2026-06-02T20:46:33Z,2026-06-02T20:46:33Z,False,False
15795,m02_ml3_1_memorize_or_learn.html,Memorize or Learn?,editable,text/html,8413,https://sit-online.instructure.com/files/15795/download?download_frd=1&verifier=qNGNy65bdROepuwm8dsAcQBj6IKuY9YWju76kwSN,1455,2026-06-02T22:22:31Z,2026-06-02T22:22:32Z,False,False
15815,m02_ml3_1_memorize_or_learn.html,Memorize or Learn?-1,editable,text/html,8665,https://sit-online.instructure.com/files/15815/download?download_frd=1&verifier=nhJRQk3IJiGQtm2BBaOIDHaHxRpSqxDLR566CIWr,1455,2026-06-03T00:33:48Z,2026-06-03T00:33:49Z,False,False
15835,m02_ml3_1_memorize_or_learn.html,Memorize or Learn?-2,editable,text/html,8665,https://sit-online.instructure.com/files/15835/download?download_frd=1&verifier=pQFQQ4CnnMag4ZXgGdMc3JAGVROU7OYSFlSOvYHU,1455,2026-06-03T00:42:19Z,2026-06-03T00:42:22Z,False,False
15885,m02_ml3_1_memorize_or_learn.html,Memorize or Learn?-3,editable,text/html,8665,https://sit-online.instructure.com/files/15885/download?download_frd=1&verifier=7QUfNn2HQXAK7b1ycassgrlEBEg83LYvUOLSLR9p,1455,2026-06-03T05:57:39Z,2026-06-04T15:32:50Z,False,False
15640,m03_model_card_builder.html,Model Card Builder,editable,text/html,18847,https://sit-online.instructure.com/files/15640/download?download_frd=1&verifier=mBi4O9KV3JQX2Q3YOhDrMDiHv6aggwE7d1AQ1VKz,1455,2026-06-02T19:05:06Z,2026-06-02T19:05:07Z,False,False
15658,m03_model_card_builder.html,Model Card Builder-1,editable,text/html,18847,https://sit-online.instructure.com/files/15658/download?download_frd=1&verifier=WqFCZceaSDKRu8KjowIQZpXkVXiDs6ZFXgz45d7x,1455,2026-06-02T20:01:34Z,2026-06-02T20:01:35Z,False,False
15676,m03_model_card_builder.html,Model Card Builder-2,editable,text/html,18847,https://sit-online.instructure.com/files/15676/download?download_frd=1&verifier=DKCmAP7K1oNn87W9KGERLWctpbi6hLrPkPIajcg7,1455,2026-06-02T20:14:26Z,2026-06-02T20:14:27Z,False,False
15711,m03_model_card_builder.html,Model Card Builder-3,editable,text/html,18847,https://sit-online.instructure.com/files/15711/download?download_frd=1&verifier=jgDLQpErJnSL15ksfaWhr3yElgafPkY2r9TuZg42,1455,2026-06-02T20:38:26Z,2026-06-02T20:38:27Z,False,False
15730,m03_model_card_builder.html,Model Card Builder-4,editable,text/html,18847,https://sit-online.instructure.com/files/15730/download?download_frd=1&verifier=4neyJUkoSPO9yYXaZ4xQPNCVO2d17xXfT2XXnrdu,1455,2026-06-02T20:46:16Z,2026-06-02T20:46:18Z,False,False
15765,m03_model_card_builder.html,Model Card Builder-5,editable,text/html,18847,https://sit-online.instructure.com/files/15765/download?download_frd=1&verifier=qlnEjCtq0qs3Bxf2Ig8PjQY2n6hJ52QVtGnRMJ8d,1455,2026-06-02T20:53:23Z,2026-06-02T20:53:25Z,False,False
15858,m03_model_card_builder.html,Model Card Builder-6,editable,text/html,18847,https://sit-online.instructure.com/files/15858/download?download_frd=1&verifier=PyS52NNbmZvWOebWbnOSWWOhVJQoZOUm18aDuKz9,1455,2026-06-03T00:49:06Z,2026-06-03T00:49:07Z,False,False
15909,m03_model_card_builder.html,Model Card Builder-7,editable,text/html,18847,https://sit-online.instructure.com/files/15909/download?download_frd=1&verifier=65y1UKFRBqMAbIrxeH3ieyErkmZU6XoDkjjoXlwH,1455,2026-06-03T05:57:57Z,2026-06-04T15:33:13Z,False,False
15641,m03_model_trading_card.html,Model Trading Card,editable,text/html,23559,https://sit-online.instructure.com/files/15641/download?download_frd=1&verifier=qHwHNTFwGdWJmwT4GrmD5zZgsVhlv9X6fvY40aAx,1455,2026-06-02T19:05:06Z,2026-06-02T19:05:07Z,False,False
15659,m03_model_trading_card.html,Model Trading Card-1,editable,text/html,23559,https://sit-online.instructure.com/files/15659/download?download_frd=1&verifier=KospAxBpP0dkNI8xT7DxRl6jK9G5MGFMy20bjiVB,1455,2026-06-02T20:01:34Z,2026-06-02T20:01:35Z,False,False
15677,m03_model_trading_card.html,Model Trading Card-2,editable,text/html,23559,https://sit-online.instructure.com/files/15677/download?download_frd=1&verifier=FOfLBZqOcuf5E4TP6OBcSm0likCyxfkMW4raOkgc,1455,2026-06-02T20:14:26Z,2026-06-02T20:14:27Z,False,False
15712,m03_model_trading_card.html,Model Trading Card-3,editable,text/html,23559,https://sit-online.instructure.com/files/15712/download?download_frd=1&verifier=3DJ37xWZrEFcJYTuREeslMrKpw3JIivyQrtDfzbt,1455,2026-06-02T20:38:26Z,2026-06-02T20:38:28Z,False,False
15731,m03_model_trading_card.html,Model Trading Card-4,editable,text/html,23559,https://sit-online.instructure.com/files/15731/download?download_frd=1&verifier=BSmX8NH6Dh32SfL2icMYdMq737HI0vYgV3gAyDC5,1455,2026-06-02T20:46:17Z,2026-06-02T20:46:18Z,False,False
15766,m03_model_trading_card.html,Model Trading Card-5,editable,text/html,23559,https://sit-online.instructure.com/files/15766/download?download_frd=1&verifier=J19LwXH167QppVdTggdTVAr6CidcwhIhR7geZM3S,1455,2026-06-02T20:53:24Z,2026-06-02T20:53:25Z,False,False
15859,m03_model_trading_card.html,Model Trading Card-6,editable,text/html,23559,https://sit-online.instructure.com/files/15859/download?download_frd=1&verifier=bk4QvqcwFYNMVkQk6BDf5rkDreLTjDB3tdffPTKu,1455,2026-06-03T00:49:06Z,2026-06-03T00:49:07Z,False,False
15910,m03_model_trading_card.html,Model Trading Card-7,editable,text/html,23559,https://sit-online.instructure.com/files/15910/download?download_frd=1&verifier=8X5gRKnVMAhmDuIvp4r5uDR4DePnyNcZEr8E3XKy,1455,2026-06-03T05:57:58Z,2026-06-04T15:33:13Z,False,False
15804,M2_L1_Quiz_Question_Bank.txt,Module 2 Lesson 1 Quiz Bank,editable,text/plain,3488,https://sit-online.instructure.com/files/15804/download?download_frd=1&verifier=DUd2M68CdfPoCmIm5ckuQZOW5XoETuGnbnbn2hSZ,1260,2026-06-03T00:33:46Z,2026-06-03T00:33:50Z,False,False
15824,M2_L1_Quiz_Question_Bank.txt,Module 2 Lesson 1 Quiz Bank-1,editable,text/plain,3488,https://sit-online.instructure.com/files/15824/download?download_frd=1&verifier=dgplKrh2799eX59AMZGwLzAX2s7ZNsVlih6xzVkS,1260,2026-06-03T00:42:16Z,2026-06-03T00:42:23Z,False,False
15874,M2_L1_Quiz_Question_Bank.txt,Module 2 Lesson 1 Quiz Bank-2,editable,text/plain,3488,https://sit-online.instructure.com/files/15874/download?download_frd=1&verifier=c15YZw90q7ocvNwyiCn04OIG8jH8PufkwWvb9Wf0,1260,2026-06-03T05:57:36Z,2026-06-04T15:32:51Z,False,False
15805,M2_L3_Quiz_Question_Bank.txt,Module 2 Lesson 3 Quiz Bank,editable,text/plain,3518,https://sit-online.instructure.com/files/15805/download?download_frd=1&verifier=CKSpmz4L7mqNefwglCrl47Z0zNMTEQyjNnqHjzKi,1260,2026-06-03T00:33:46Z,2026-06-03T00:33:50Z,False,False
15825,M2_L3_Quiz_Question_Bank.txt,Module 2 Lesson 3 Quiz Bank-1,editable,text/plain,3518,https://sit-online.instructure.com/files/15825/download?download_frd=1&verifier=8j0G9juPy8TwHL8u1suDp3vU0JBkkhKlUJNU17pL,1260,2026-06-03T00:42:16Z,2026-06-03T00:42:23Z,False,False
15875,M2_L3_Quiz_Question_Bank.txt,Module 2 Lesson 3 Quiz Bank-2,editable,text/plain,3518,https://sit-online.instructure.com/files/15875/download?download_frd=1&verifier=a5kRUCgmtFmzVoxNQR3PNXa3OPsYQRvjbWRiDT36,1260,2026-06-03T05:57:37Z,2026-06-04T15:32:51Z,False,False
15844,M3_L1_Quiz_Question_Bank.txt,Module 3 Lesson 1 Quiz Bank,editable,text/plain,3316,https://sit-online.instructure.com/files/15844/download?download_frd=1&verifier=JEPl9RdTdKFHOW6hc0yn7TG7vJ3l9oR8GXR5UZ3U,1260,2026-06-03T00:49:03Z,2026-06-03T00:49:07Z,False,False
15895,M3_L1_Quiz_Question_Bank.txt,Module 3 Lesson 1 Quiz Bank-1,editable,text/plain,3316,https://sit-online.instructure.com/files/15895/download?download_frd=1&verifier=gYXEs5BC3UuYD01x5z6IdlA1hPRZlQESZWluxect,1260,2026-06-03T05:57:55Z,2026-06-04T15:33:13Z,False,False
15845,M3_L3_Quiz_Question_Bank.txt,Module 3 Lesson 3 Quiz Bank,editable,text/plain,3438,https://sit-online.instructure.com/files/15845/download?download_frd=1&verifier=RRqYnLgTMZzgzhWokr3P4An34KhFKpcLGVOq6jvb,1260,2026-06-03T00:49:03Z,2026-06-03T00:49:07Z,False,False
15896,M3_L3_Quiz_Question_Bank.txt,Module 3 Lesson 3 Quiz Bank-1,editable,text/plain,3438,https://sit-online.instructure.com/files/15896/download?download_frd=1&verifier=Hhafpg7e4fh2gkbOBxdLv71xh6iFhaFOBoHbudLW,1260,2026-06-03T05:57:55Z,2026-06-04T15:33:13Z,False,False
15914,M4_L1_Quiz_Question_Bank.txt,Module 4 Lesson 1 Quiz Bank,editable,text/plain,3439,https://sit-online.instructure.com/files/15914/download?download_frd=1&verifier=Vbfq4nVbzbZqEINRUT7AZZJpixRRzyizosUBqz8s,1260,2026-06-03T05:58:13Z,2026-06-03T05:58:17Z,False,False
15915,M4_L3_Quiz_Question_Bank.txt,Module 4 Lesson 3 Quiz Bank,editable,text/plain,3652,https://sit-online.instructure.com/files/15915/download?download_frd=1&verifier=PrlD6bcrNee3w4ooniM6XRV0GOF3ozGHIqw5bMhc,1260,2026-06-03T05:58:14Z,2026-06-03T05:58:17Z,False,False
15639,m03_ml4_3_more_data_helps.html,More Data Helps,editable,text/html,11363,https://sit-online.instructure.com/files/15639/download?download_frd=1&verifier=lHQBJAYc5WanJbIAsMKI7D1wwcO8Jr8FpivfgHfQ,1455,2026-06-02T19:05:06Z,2026-06-02T19:05:07Z,False,False
15657,m03_ml4_3_more_data_helps.html,More Data Helps-1,editable,text/html,11363,https://sit-online.instructure.com/files/15657/download?download_frd=1&verifier=zpgCqreJbDqRhKuFNG35VDnd9fmeTnNFci5Us2Pa,1455,2026-06-02T20:01:33Z,2026-06-02T20:01:35Z,False,False
15675,m03_ml4_3_more_data_helps.html,More Data Helps-2,editable,text/html,11363,https://sit-online.instructure.com/files/15675/download?download_frd=1&verifier=814uTY0yw2MziSawiSeTZdcxRTnx09UB7maTIzzo,1455,2026-06-02T20:14:26Z,2026-06-02T20:14:27Z,False,False
15710,m03_ml4_3_more_data_helps.html,More Data Helps-3,editable,text/html,11363,https://sit-online.instructure.com/files/15710/download?download_frd=1&verifier=rYluqSr13XiHKBPetGGtHZ7sKFJUn0r74mEV2NWt,1455,2026-06-02T20:38:26Z,2026-06-02T20:38:27Z,False,False
15729,m03_ml4_3_more_data_helps.html,More Data Helps-4,editable,text/html,11363,https://sit-online.instructure.com/files/15729/download?download_frd=1&verifier=YmIwM2GJyarAj1trWZds7PF1ozdUT411Tj13DIPJ,1455,2026-06-02T20:46:16Z,2026-06-02T20:46:18Z,False,False
15764,m03_ml4_3_more_data_helps.html,More Data Helps-5,editable,text/html,11363,https://sit-online.instructure.com/files/15764/download?download_frd=1&verifier=TUAvV59sBYdv7FuJQxRd7sZpFLCYgoiooVclgAtu,1455,2026-06-02T20:53:23Z,2026-06-02T20:53:25Z,False,False
15857,m03_ml4_3_more_data_helps.html,More Data Helps-6,editable,text/html,11363,https://sit-online.instructure.com/files/15857/download?download_frd=1&verifier=26oJal1UOgiRjkyuiNxL1XE4xwdbjlorzImKoAr3,1455,2026-06-03T00:49:05Z,2026-06-03T00:49:07Z,False,False
15908,m03_ml4_3_more_data_helps.html,More Data Helps-7,editable,text/html,11363,https://sit-online.instructure.com/files/15908/download?download_frd=1&verifier=kfvWOP0BwmpXTdFnObAxuVOC5Cca8OUTvCS6mXbZ,1455,2026-06-03T05:57:57Z,2026-06-04T15:33:13Z,False,False
15692,m04_ml3_1_next_word.html,Next Word Predictor,editable,text/html,8379,https://sit-online.instructure.com/files/15692/download?download_frd=1&verifier=Ea2NPyRwBf3ggl7uGuQwMX7jkwTu9rhG4aemxY6O,1455,2026-06-02T20:38:12Z,2026-06-02T20:38:13Z,False,False
15744,m04_ml3_1_next_word.html,Next Word Predictor-1,editable,text/html,8379,https://sit-online.instructure.com/files/15744/download?download_frd=1&verifier=ecgAVabPHqE4E5XvYyj7vFNaCm1VBzMC408i6EyF,1455,2026-06-02T20:46:34Z,2026-06-02T20:46:36Z,False,False
15779,m04_ml3_1_next_word.html,Next Word Predictor-2,editable,text/html,8379,https://sit-online.instructure.com/files/15779/download?download_frd=1&verifier=L0mxjU3lpSUhIXY6N8zrACRalc0MSfvAedumetXD,1455,2026-06-02T20:53:42Z,2026-06-02T20:53:44Z,False,False
15926,m04_ml3_1_next_word.html,Next Word Predictor-3,editable,text/html,8518,https://sit-online.instructure.com/files/15926/download?download_frd=1&verifier=umOF61JaE8Jqg4rtFD5OPHbRDMj4SuKT5jno9vZB,1455,2026-06-03T05:58:15Z,2026-06-04T15:33:33Z,False,False
15236,phase-map.png,phase-map.png,image,image/png,39519,https://sit-online.instructure.com/files/15236/download?download_frd=1&verifier=sJEJJ7YfvCjOu6ha5hOEy0MfMESHSfqrCkFhoSTV,1262,2026-05-01T22:47:27Z,2026-05-01T22:47:27Z,False,False
15238,phase.png,phase.png,image,image/png,1715,https://sit-online.instructure.com/files/15238/download?download_frd=1&verifier=r3VySABHfzyXsAMGyzuzOHqecoViwBSMcO53Avze,1263,2026-05-01T22:47:27Z,2026-05-01T22:47:30Z,False,False
15632,m03_ml1_3_photo_scout.html,Photo Scout,editable,text/html,11990,https://sit-online.instructure.com/files/15632/download?download_frd=1&verifier=WG36Ogarb8N28gr5AYW69jPW7ksyA36vBc9Dtzzp,1455,2026-06-02T19:05:05Z,2026-06-02T19:05:07Z,False,False
15650,m03_ml1_3_photo_scout.html,Photo Scout-1,editable,text/html,11990,https://sit-online.instructure.com/files/15650/download?download_frd=1&verifier=XTqtEL3fPCUU2UrkDMs43g0FIUBAh5ZoHkAzfZDE,1455,2026-06-02T20:01:32Z,2026-06-02T20:01:34Z,False,False
15668,m03_ml1_3_photo_scout.html,Photo Scout-2,editable,text/html,11990,https://sit-online.instructure.com/files/15668/download?download_frd=1&verifier=FZp07VXzQpHbpleEI2RJgwO4YHGkZ6MlWKX4SeYn,1455,2026-06-02T20:14:24Z,2026-06-02T20:14:27Z,False,False
15703,m03_ml1_3_photo_scout.html,Photo Scout-3,editable,text/html,11990,https://sit-online.instructure.com/files/15703/download?download_frd=1&verifier=QmCJrKK1cY4DY8MCQ2u8AaIkwZ7vQjK0H9Ipcb1A,1455,2026-06-02T20:38:24Z,2026-06-02T20:38:27Z,False,False
15721,m03_ml1_3_photo_scout.html,Photo Scout-4,editable,text/html,11990,https://sit-online.instructure.com/files/15721/download?download_frd=1&verifier=jNQxqTb25yYpAWxKSb5qvxdvpBb5UMbJENJF0TrV,1455,2026-06-02T20:46:15Z,2026-06-02T20:46:17Z,False,False
15757,m03_ml1_3_photo_scout.html,Photo Scout-5,editable,text/html,11990,https://sit-online.instructure.com/files/15757/download?download_frd=1&verifier=G61CQ2DxZR9GB8p6iESn4O9MXUWVsqXTfIiakaLD,1455,2026-06-02T20:53:22Z,2026-06-02T20:53:24Z,False,False
15850,m03_ml1_3_photo_scout.html,Photo Scout-6,editable,text/html,11990,https://sit-online.instructure.com/files/15850/download?download_frd=1&verifier=tjRCsiwBoqT8avtAN9CAFu7REI5P3D8UZAK6Mpsu,1455,2026-06-03T00:49:04Z,2026-06-03T00:49:06Z,False,False
15901,m03_ml1_3_photo_scout.html,Photo Scout-7,editable,text/html,11990,https://sit-online.instructure.com/files/15901/download?download_frd=1&verifier=m01yZIFWUmB6Q1i2HddvNewhXoBFRwrEDlYH80Kk,1455,2026-06-03T05:57:56Z,2026-06-04T15:33:13Z,False,False
15239,portfolio.png,portfolio.png,image,image/png,1896,https://sit-online.instructure.com/files/15239/download?download_frd=1&verifier=zqMjSltZtjgGzNM3O52XxxEO3HpHsdGKLjafy467,1263,2026-05-01T22:47:27Z,2026-05-01T22:47:30Z,False,False
15919,m04_l2_privacy_audit_workshop.html,Privacy and Consent Audit Workshop,editable,text/html,16989,https://sit-online.instructure.com/files/15919/download?download_frd=1&verifier=RHQDqaiZeCKubQ6D8kj6bKRvVq38etIs0BnHdvdq,1455,2026-06-03T05:58:14Z,2026-06-03T05:58:16Z,False,False
15633,m03_ml2_1_problem_pitch.html,Problem Pitch,editable,text/html,11336,https://sit-online.instructure.com/files/15633/download?download_frd=1&verifier=uHOTpE4Pj4n6Mkg0ZTtdpFgHa8zdxaMrHDQ6rJv6,1455,2026-06-02T19:05:05Z,2026-06-02T19:05:07Z,False,False
15651,m03_ml2_1_problem_pitch.html,Problem Pitch-1,editable,text/html,11336,https://sit-online.instructure.com/files/15651/download?download_frd=1&verifier=K8YHCK8rXzjxAMoNr1CQPmPHXFyeXSv7xtcASA1V,1455,2026-06-02T20:01:32Z,2026-06-02T20:01:34Z,False,False
15669,m03_ml2_1_problem_pitch.html,Problem Pitch-2,editable,text/html,11336,https://sit-online.instructure.com/files/15669/download?download_frd=1&verifier=KXyh1UW43NygEBLclrAzqvUBW9poIorkBs33WxZl,1455,2026-06-02T20:14:24Z,2026-06-02T20:14:27Z,False,False
15704,m03_ml2_1_problem_pitch.html,Problem Pitch-3,editable,text/html,11336,https://sit-online.instructure.com/files/15704/download?download_frd=1&verifier=EgRxuV4Mmcpm5Yi6EiyHpl4HhcajEHQLYtJU5OGu,1455,2026-06-02T20:38:25Z,2026-06-02T20:38:27Z,False,False
15722,m03_ml2_1_problem_pitch.html,Problem Pitch-4,editable,text/html,11336,https://sit-online.instructure.com/files/15722/download?download_frd=1&verifier=RIlI31ESOgL85LfdsbhZUYtMCi6mPF8WsQLCtKvM,1455,2026-06-02T20:46:15Z,2026-06-02T20:46:17Z,False,False
15758,m03_ml2_1_problem_pitch.html,Problem Pitch-5,editable,text/html,11336,https://sit-online.instructure.com/files/15758/download?download_frd=1&verifier=waylq7go6Y2AmIHwwqVgLguth5v96ZsNzwRayQcF,1455,2026-06-02T20:53:22Z,2026-06-02T20:53:24Z,False,False
15851,m03_ml2_1_problem_pitch.html,Problem Pitch-6,editable,text/html,11336,https://sit-online.instructure.com/files/15851/download?download_frd=1&verifier=EGYnC9PLzekoGQjHFIbuu0P1a3dt6G0one5PFRZR,1455,2026-06-03T00:49:04Z,2026-06-03T00:49:07Z,False,False
15902,m03_ml2_1_problem_pitch.html,Problem Pitch-7,editable,text/html,11336,https://sit-online.instructure.com/files/15902/download?download_frd=1&verifier=xaYw8Hcadh8dR85TkMNIP8oSXjDO64EA4W86QsCz,1455,2026-06-03T05:57:56Z,2026-06-04T15:33:13Z,False,False
15240,quiz.png,quiz.png,image,image/png,3037,https://sit-online.instructure.com/files/15240/download?download_frd=1&verifier=XaItnWr3Cz5ZTRXqPc4aA7LvmpyHMOfOQZqo7Pxi,1263,2026-05-01T22:47:27Z,2026-05-01T22:47:30Z,False,False
15689,m04_ml2_1_reidentify.html,Re-Identify Me,editable,text/html,8574,https://sit-online.instructure.com/files/15689/download?download_frd=1&verifier=BtPTTVfGxvhgdFDyzodLOY9q6sIRreOYSdrWrKtl,1455,2026-06-02T20:38:11Z,2026-06-02T20:38:13Z,False,False
15741,m04_ml2_1_reidentify.html,Re-Identify Me-1,editable,text/html,8574,https://sit-online.instructure.com/files/15741/download?download_frd=1&verifier=j2XtgplXAiAe1vgKiY3WTey1hny3MJ4BbFRihbQ8,1455,2026-06-02T20:46:34Z,2026-06-02T20:46:36Z,False,False
15776,m04_ml2_1_reidentify.html,Re-Identify Me-2,editable,text/html,8574,https://sit-online.instructure.com/files/15776/download?download_frd=1&verifier=bBxXXptXZyo5tfQyDpAtb4LXZOosFmhQFWRKT4ud,1455,2026-06-02T20:53:42Z,2026-06-02T20:53:44Z,False,False
15923,m04_ml2_1_reidentify.html,Re-Identify Me-3,editable,text/html,9078,https://sit-online.instructure.com/files/15923/download?download_frd=1&verifier=FYlhMXI0ctdot7iwcu7rQFmV645EjTPwhnU4NdR3,1455,2026-06-03T05:58:15Z,2026-06-04T15:33:33Z,False,False
15241,read.png,read.png,image,image/png,2142,https://sit-online.instructure.com/files/15241/download?download_frd=1&verifier=q5JDtsyK1i5Bb843pfYztYe3xqkT17ak41O8eRXC,1263,2026-05-01T22:47:28Z,2026-05-01T22:47:30Z,False,False
15576,recommendation_ai.png,recommendation_ai.png,image,image/png,23634,https://sit-online.instructure.com/files/15576/download?download_frd=1&verifier=ZTt7wDxc6jSdRykn7clAtzeIshxsCMtz4T6XpUIX,1453,2026-06-02T14:22:02Z,2026-06-02T14:22:03Z,False,True
15790,m02_ml1_2_recommender_map.html,Recommender Map,editable,text/html,9282,https://sit-online.instructure.com/files/15790/download?download_frd=1&verifier=QMJWKj02sgCZ2WrJpwjpuj9MRwbGboA53cbuUwdM,1455,2026-06-02T22:22:30Z,2026-06-02T22:22:32Z,False,False
15810,m02_ml1_2_recommender_map.html,Recommender Map-1,editable,text/html,7876,https://sit-online.instructure.com/files/15810/download?download_frd=1&verifier=jKWGtHzB5BZePQillyh3cP6TyJc8SJwQAPoHUx69,1455,2026-06-03T00:33:47Z,2026-06-03T00:33:49Z,False,False
15830,m02_ml1_2_recommender_map.html,Recommender Map-2,editable,text/html,7876,https://sit-online.instructure.com/files/15830/download?download_frd=1&verifier=NXS8FrFDX0w2NbX8zR0FHvJ1LNuNjd5PR0wEYh08,1455,2026-06-03T00:42:18Z,2026-06-03T00:42:21Z,False,False
15880,m02_ml1_2_recommender_map.html,Recommender Map-3,editable,text/html,7876,https://sit-online.instructure.com/files/15880/download?download_frd=1&verifier=b3x8sbHSywYdbIijIPEtj4OWePhWIAieEVnvXfFZ,1455,2026-06-03T05:57:38Z,2026-06-04T15:32:50Z,False,False
15696,m04_ml4_3_risk_review.html,Risk Review Builder,editable,text/html,8881,https://sit-online.instructure.com/files/15696/download?download_frd=1&verifier=tK55XaDpSSxvyj2q33HzuhSOgycJ3awD9qKF2XIS,1455,2026-06-02T20:38:13Z,2026-06-02T20:38:14Z,False,False
15748,m04_ml4_3_risk_review.html,Risk Review Builder-1,editable,text/html,8881,https://sit-online.instructure.com/files/15748/download?download_frd=1&verifier=E9nrcXMW11z87bSzluuKExT2uN9JwgSAVDQ6C8xW,1455,2026-06-02T20:46:35Z,2026-06-02T20:46:37Z,False,False
15783,m04_ml4_3_risk_review.html,Risk Review Builder-2,editable,text/html,8881,https://sit-online.instructure.com/files/15783/download?download_frd=1&verifier=M2Ur5TkM6ak0lioIFB6YvdTQQnEOaPI2PN5fjjHf,1455,2026-06-02T20:53:43Z,2026-06-02T20:53:44Z,False,False
15930,m04_ml4_3_risk_review.html,Risk Review Builder-3,editable,text/html,11974,https://sit-online.instructure.com/files/15930/download?download_frd=1&verifier=P8OyZBBuUvP26W5IVw9GEbzkYRk1gQmIB02g6aqv,1455,2026-06-03T05:58:16Z,2026-06-04T15:33:34Z,False,False
15355,robot-ai-evolution.png,robot-ai-evolution.png,image,image/png,2253976,https://sit-online.instructure.com/files/15355/download?download_frd=1&verifier=7kWSdcQecWBeLu19PgwCVxX9aMg8axYN3AJaaOn9,1261,2026-05-27T11:31:55Z,2026-05-27T11:31:55Z,False,False
15693,m04_ml3_3_same_prompt.html,"Same Prompt, Different Name",editable,text/html,8480,https://sit-online.instructure.com/files/15693/download?download_frd=1&verifier=12eKNlYFJBsSzpiAozVghLoVCTDt1CKFNyYE3Vjc,1455,2026-06-02T20:38:12Z,2026-06-02T20:38:13Z,False,False
15745,m04_ml3_3_same_prompt.html,"Same Prompt, Different Name-1",editable,text/html,8480,https://sit-online.instructure.com/files/15745/download?download_frd=1&verifier=uOA75J0FYZ1q94jyT4jOefPsM4oz5MJ0PnxY2I6P,1455,2026-06-02T20:46:35Z,2026-06-02T20:46:36Z,False,False
15780,m04_ml3_3_same_prompt.html,"Same Prompt, Different Name-2",editable,text/html,8480,https://sit-online.instructure.com/files/15780/download?download_frd=1&verifier=D1hXTurepO3YEmfVSegz355p4Sig22i4F3UroDLZ,1455,2026-06-02T20:53:42Z,2026-06-02T20:53:44Z,False,False
15927,m04_ml3_3_same_prompt.html,"Same Prompt, Different Name-3",editable,text/html,9528,https://sit-online.instructure.com/files/15927/download?download_frd=1&verifier=MvZlBmEuzvMj6C09P8LJo7rbf7duTvLQeuB9xKix,1455,2026-06-03T05:58:16Z,2026-06-04T15:33:33Z,False,False
15631,m03_ml1_2_sample_stack.html,Sample Stack,editable,text/html,11778,https://sit-online.instructure.com/files/15631/download?download_frd=1&verifier=T6fyQ1BzPIbbUzmusTxO4n3HRAeDqiP8Kou28TkM,1455,2026-06-02T19:05:05Z,2026-06-02T19:05:07Z,False,False
15649,m03_ml1_2_sample_stack.html,Sample Stack-1,editable,text/html,11778,https://sit-online.instructure.com/files/15649/download?download_frd=1&verifier=OgTBZAKqoYoCkEjHFzugoTKMP6gMuuenuA64Md9Z,1455,2026-06-02T20:01:32Z,2026-06-02T20:01:34Z,False,False
15667,m03_ml1_2_sample_stack.html,Sample Stack-2,editable,text/html,11778,https://sit-online.instructure.com/files/15667/download?download_frd=1&verifier=I7kNvk3GNlQWPi6FBmEgpbr1u7LipU4FM3imXK52,1455,2026-06-02T20:14:24Z,2026-06-02T20:14:26Z,False,False
15702,m03_ml1_2_sample_stack.html,Sample Stack-3,editable,text/html,11778,https://sit-online.instructure.com/files/15702/download?download_frd=1&verifier=h0puKbmV9OcLkzWzeWhFXlFlnjD4NxKZbH2KZVx6,1455,2026-06-02T20:38:24Z,2026-06-02T20:38:27Z,False,False
15720,m03_ml1_2_sample_stack.html,Sample Stack-4,editable,text/html,11778,https://sit-online.instructure.com/files/15720/download?download_frd=1&verifier=Gkl3okm707TC3kptJZpojh65kekaSpmGkb8PGLbr,1455,2026-06-02T20:46:14Z,2026-06-02T20:46:17Z,False,False
15756,m03_ml1_2_sample_stack.html,Sample Stack-5,editable,text/html,11778,https://sit-online.instructure.com/files/15756/download?download_frd=1&verifier=bxORhlGsP1aG63DZwHTdUTWxqYKTdoYSCaBOBLRO,1455,2026-06-02T20:53:21Z,2026-06-02T20:53:24Z,False,False
15849,m03_ml1_2_sample_stack.html,Sample Stack-6,editable,text/html,11778,https://sit-online.instructure.com/files/15849/download?download_frd=1&verifier=vXzxcEYrRsDaHsvgAHkcBlFuMyO0r8EoCWSel573,1455,2026-06-03T00:49:04Z,2026-06-03T00:49:06Z,False,False
15900,m03_ml1_2_sample_stack.html,Sample Stack-7,editable,text/html,11778,https://sit-online.instructure.com/files/15900/download?download_frd=1&verifier=phMUdxdIVnY1PGUb2TrNTpYfMWONdS5JA16XuZ4y,1455,2026-06-03T05:57:56Z,2026-06-04T15:33:13Z,False,False
15635,m03_ml2_3_save_point.html,Save Point,editable,text/html,10446,https://sit-online.instructure.com/files/15635/download?download_frd=1&verifier=2bjHa3DfVXVuWEJpfKhuGSwUZL0WtPHrgTXkTOF9,1455,2026-06-02T19:05:05Z,2026-06-02T19:05:07Z,False,False
15653,m03_ml2_3_save_point.html,Save Point-1,editable,text/html,10446,https://sit-online.instructure.com/files/15653/download?download_frd=1&verifier=E1LZLPCeKRBXqP6vt2vNInPSgIZN4kstd8btdRqp,1455,2026-06-02T20:01:33Z,2026-06-02T20:01:35Z,False,False
15671,m03_ml2_3_save_point.html,Save Point-2,editable,text/html,10446,https://sit-online.instructure.com/files/15671/download?download_frd=1&verifier=eCDKtamd60nCmXz1dMhJnmxOptZAnVNBRC4ru3by,1455,2026-06-02T20:14:25Z,2026-06-02T20:14:27Z,False,False
15706,m03_ml2_3_save_point.html,Save Point-3,editable,text/html,10446,https://sit-online.instructure.com/files/15706/download?download_frd=1&verifier=NbdQJOdrmwG8oPJpmPOmdpnlIyHpr6I5MGW23p6A,1455,2026-06-02T20:38:25Z,2026-06-02T20:38:27Z,False,False
15724,m03_ml2_3_save_point.html,Save Point-4,editable,text/html,10446,https://sit-online.instructure.com/files/15724/download?download_frd=1&verifier=ccpyC7505egQdK1HqTNwV5GNQDlp27Flknbhtk7A,1455,2026-06-02T20:46:15Z,2026-06-02T20:46:18Z,False,False
15760,m03_ml2_3_save_point.html,Save Point-5,editable,text/html,10446,https://sit-online.instructure.com/files/15760/download?download_frd=1&verifier=tFuM5TkksCfLG4Cpv1rvaV7XcThhW2OG9fHIwvDz,1455,2026-06-02T20:53:22Z,2026-06-02T20:53:24Z,False,False
15853,m03_ml2_3_save_point.html,Save Point-6,editable,text/html,10446,https://sit-online.instructure.com/files/15853/download?download_frd=1&verifier=V67RND5Ag6oZ6xH5mkK0ICvAliAhlT1Ju0OjOCFF,1455,2026-06-03T00:49:05Z,2026-06-03T00:49:07Z,False,False
15904,m03_ml2_3_save_point.html,Save Point-7,editable,text/html,10446,https://sit-online.instructure.com/files/15904/download?download_frd=1&verifier=LTCW7B7vdYAoohFYm8O5G4rNaxNHjuPoV9CSKwc1,1455,2026-06-03T05:57:56Z,2026-06-04T15:33:13Z,False,False
15642,m03_shortcut_detective.html,Shortcut Detective,editable,text/html,22317,https://sit-online.instructure.com/files/15642/download?download_frd=1&verifier=5tajm6UmtpWx90ZkakkmUMhnmByS34YXuyU3bbkZ,1455,2026-06-02T19:05:06Z,2026-06-02T19:05:07Z,False,False
15660,m03_shortcut_detective.html,Shortcut Detective-1,editable,text/html,22317,https://sit-online.instructure.com/files/15660/download?download_frd=1&verifier=yEJpzUmqvcRRyQuJ4cARCmHEweARsR8YSEiagoLh,1455,2026-06-02T20:01:34Z,2026-06-02T20:01:35Z,False,False
15678,m03_shortcut_detective.html,Shortcut Detective-2,editable,text/html,22317,https://sit-online.instructure.com/files/15678/download?download_frd=1&verifier=dcU18Zsg5XnMGz9DeQ3VKyEGGYDibxkfvtbzn2F9,1455,2026-06-02T20:14:26Z,2026-06-02T20:14:27Z,False,False
15713,m03_shortcut_detective.html,Shortcut Detective-3,editable,text/html,22317,https://sit-online.instructure.com/files/15713/download?download_frd=1&verifier=JWn9MSABQQKQh0V3FuPiFBGLoqBJEnVhJUOzMEhI,1455,2026-06-02T20:38:26Z,2026-06-02T20:38:28Z,False,False
15732,m03_shortcut_detective.html,Shortcut Detective-4,editable,text/html,22317,https://sit-online.instructure.com/files/15732/download?download_frd=1&verifier=kxxkMwhaOgdqbn3TELYrGbLuraOpsIrFWFUJxC5V,1455,2026-06-02T20:46:17Z,2026-06-02T20:46:18Z,False,False
15767,m03_shortcut_detective.html,Shortcut Detective-5,editable,text/html,22317,https://sit-online.instructure.com/files/15767/download?download_frd=1&verifier=G5iOyljuZJBKHabpHbR2LIZROBT44q9SPJGGKcKn,1455,2026-06-02T20:53:24Z,2026-06-02T20:53:25Z,False,False
15860,m03_shortcut_detective.html,Shortcut Detective-6,editable,text/html,27186,https://sit-online.instructure.com/files/15860/download?download_frd=1&verifier=QqNTnFoBIbEdFGQt0gbuPwtehnyTbjI0DF4lAgWK,1455,2026-06-03T00:49:06Z,2026-06-03T00:49:07Z,False,False
15911,m03_shortcut_detective.html,Shortcut Detective-7,editable,text/html,27186,https://sit-online.instructure.com/files/15911/download?download_frd=1&verifier=SytJnEdCveZ4kc4alFGA8GtTKWWqyrzUzGCwBjz3,1455,2026-06-03T05:57:58Z,2026-06-04T15:33:13Z,False,False
15796,m02_ml3_2_split_the_data.html,Split the Data,editable,text/html,8359,https://sit-online.instructure.com/files/15796/download?download_frd=1&verifier=YuCVEZ4XHOkYnPy1onTZT8nlYrTY4hFPghbQ2SOP,1455,2026-06-02T22:22:31Z,2026-06-02T22:22:32Z,False,False
15816,m02_ml3_2_split_the_data.html,Split the Data-1,editable,text/html,8011,https://sit-online.instructure.com/files/15816/download?download_frd=1&verifier=PlGLQC26OFoIMDT9FfIOKuyf0Zbd0IwCIJpOTg2n,1455,2026-06-03T00:33:48Z,2026-06-03T00:33:49Z,False,False
15836,m02_ml3_2_split_the_data.html,Split the Data-2,editable,text/html,8011,https://sit-online.instructure.com/files/15836/download?download_frd=1&verifier=u5NsdBYjd55WD95v6ZN0ix4JKR7s2JUFr6yyZfRx,1455,2026-06-03T00:42:20Z,2026-06-03T00:42:22Z,False,False
15886,m02_ml3_2_split_the_data.html,Split the Data-3,editable,text/html,8011,https://sit-online.instructure.com/files/15886/download?download_frd=1&verifier=W1EKvO8WDUuN517t3kZGLZudkHtCWQ2BhpQn6eV2,1455,2026-06-03T05:57:39Z,2026-06-04T15:32:50Z,False,False
15687,m04_ml1_2_spot_proxy.html,Spot the Proxy,editable,text/html,8777,https://sit-online.instructure.com/files/15687/download?download_frd=1&verifier=EHlzXQvvdq6ZMGnSltKCc3MZZ7eIHrl8h5L9wveP,1455,2026-06-02T20:38:11Z,2026-06-02T20:38:13Z,False,False
15739,m04_ml1_2_spot_proxy.html,Spot the Proxy-1,editable,text/html,8777,https://sit-online.instructure.com/files/15739/download?download_frd=1&verifier=RpgZFE1y5D1rhUM1MAFMes0KjKh15H5MvW4FBrH2,1455,2026-06-02T20:46:33Z,2026-06-02T20:46:36Z,False,False
15774,m04_ml1_2_spot_proxy.html,Spot the Proxy-2,editable,text/html,8777,https://sit-online.instructure.com/files/15774/download?download_frd=1&verifier=DFG75K2C6maL4P1H9cPk20raDkBV6tInsKFDRtCt,1455,2026-06-02T20:53:41Z,2026-06-02T20:53:43Z,False,False
15921,m04_ml1_2_spot_proxy.html,Spot the Proxy-3,editable,text/html,9280,https://sit-online.instructure.com/files/15921/download?download_frd=1&verifier=ikwV3mstfi2MDh1Rrn9fpiaLj3FUxf3BwZo60ILp,1455,2026-06-03T05:58:15Z,2026-06-04T15:33:33Z,False,False
15636,m03_ml3_1_stakes_match.html,Stakes Match,editable,text/html,9127,https://sit-online.instructure.com/files/15636/download?download_frd=1&verifier=bLAGjnJTPG71EhQf7jMwYnujvgBrI6T8zBrdOMrr,1455,2026-06-02T19:05:05Z,2026-06-02T19:05:07Z,False,False
15654,m03_ml3_1_stakes_match.html,Stakes Match-1,editable,text/html,9127,https://sit-online.instructure.com/files/15654/download?download_frd=1&verifier=6UbFgPjmrKusCOfEoThaCa9rzkCdVRSxFIchV06x,1455,2026-06-02T20:01:33Z,2026-06-02T20:01:35Z,False,False
15672,m03_ml3_1_stakes_match.html,Stakes Match-2,editable,text/html,9127,https://sit-online.instructure.com/files/15672/download?download_frd=1&verifier=V2H0xM3Kvmg37HP7avMbxUku4TgI6wOGk727HCOm,1455,2026-06-02T20:14:25Z,2026-06-02T20:14:27Z,False,False
15707,m03_ml3_1_stakes_match.html,Stakes Match-3,editable,text/html,9127,https://sit-online.instructure.com/files/15707/download?download_frd=1&verifier=jLsTUVTlhOHIpt9OtT4ZjzVpTU7c98ErmZIWRkri,1455,2026-06-02T20:38:25Z,2026-06-02T20:38:27Z,False,False
15725,m03_ml3_1_stakes_match.html,Stakes Match-4,editable,text/html,9127,https://sit-online.instructure.com/files/15725/download?download_frd=1&verifier=mSxCftKc8D7DJpDTMjMv2EdojHAjJIN3cQzMaaDr,1455,2026-06-02T20:46:15Z,2026-06-02T20:46:18Z,False,False
15761,m03_ml3_1_stakes_match.html,Stakes Match-5,editable,text/html,9127,https://sit-online.instructure.com/files/15761/download?download_frd=1&verifier=AzkmYulbNFf4iuDehhmk20Ud086WWgNRrBstmd9V,1455,2026-06-02T20:53:23Z,2026-06-02T20:53:24Z,False,False
15854,m03_ml3_1_stakes_match.html,Stakes Match-6,editable,text/html,9127,https://sit-online.instructure.com/files/15854/download?download_frd=1&verifier=7oFNDQ6tpyCbjDUL9Pon2IkNsszsAdxIyfLOKqYW,1455,2026-06-03T00:49:05Z,2026-06-03T00:49:07Z,False,False
15905,m03_ml3_1_stakes_match.html,Stakes Match-7,editable,text/html,9127,https://sit-online.instructure.com/files/15905/download?download_frd=1&verifier=AoQGNesIoEZhgZZT9NfUhD847RgK7afKNOJZeYke,1455,2026-06-03T05:57:57Z,2026-06-04T15:33:13Z,False,False
15695,m04_ml4_2_stakes_sort.html,Stakes Sort,editable,text/html,8997,https://sit-online.instructure.com/files/15695/download?download_frd=1&verifier=26icIJ013kqFoNOj5zRpU40VHpcSiLMajwsIsWUt,1455,2026-06-02T20:38:12Z,2026-06-02T20:38:14Z,False,False
15747,m04_ml4_2_stakes_sort.html,Stakes Sort-1,editable,text/html,8997,https://sit-online.instructure.com/files/15747/download?download_frd=1&verifier=RtU2QNS6wwq8iYRvH1maUpCkmjOokGOuPuAwwYuW,1455,2026-06-02T20:46:35Z,2026-06-02T20:46:37Z,False,False
15782,m04_ml4_2_stakes_sort.html,Stakes Sort-2,editable,text/html,8997,https://sit-online.instructure.com/files/15782/download?download_frd=1&verifier=Jws0pS4QL0kdRNVR8x5WDZawW3TbuARRvFd9QPCi,1455,2026-06-02T20:53:43Z,2026-06-02T20:53:44Z,False,False
15929,m04_ml4_2_stakes_sort.html,Stakes Sort-3,editable,text/html,8302,https://sit-online.instructure.com/files/15929/download?download_frd=1&verifier=tLPiuzLJQOcdmbQZmdmkBZ84CC2ykbZEkkeJtRHJ,1455,2026-06-03T05:58:16Z,2026-06-04T15:33:34Z,False,False
15638,m03_ml4_1_stakes_tier.html,Stakes Tier,editable,text/html,8825,https://sit-online.instructure.com/files/15638/download?download_frd=1&verifier=aUxvacs7J9FvYK9uY4AIa5a4IFNwjJh4wHhTDe5R,1455,2026-06-02T19:05:06Z,2026-06-02T19:05:07Z,False,False
15656,m03_ml4_1_stakes_tier.html,Stakes Tier-1,editable,text/html,8825,https://sit-online.instructure.com/files/15656/download?download_frd=1&verifier=65zOYd5nvwNWhK6dFRplRaMcNuiGXfXDMcXxAKGW,1455,2026-06-02T20:01:33Z,2026-06-02T20:01:35Z,False,False
15674,m03_ml4_1_stakes_tier.html,Stakes Tier-2,editable,text/html,8825,https://sit-online.instructure.com/files/15674/download?download_frd=1&verifier=miM4JBChFnCHBXaL3UOdhWT1V2w4rE18YHZw1dlX,1455,2026-06-02T20:14:25Z,2026-06-02T20:14:27Z,False,False
15709,m03_ml4_1_stakes_tier.html,Stakes Tier-3,editable,text/html,8825,https://sit-online.instructure.com/files/15709/download?download_frd=1&verifier=QIrddQ3FvcWPaEpb6r1XyoYRRa4Jvq7KDqITCXdR,1455,2026-06-02T20:38:26Z,2026-06-02T20:38:27Z,False,False
15728,m03_ml4_1_stakes_tier.html,Stakes Tier-4,editable,text/html,8825,https://sit-online.instructure.com/files/15728/download?download_frd=1&verifier=POR8jftCjG3MgBICbUZPwd8JgXU51Cp9VjD6Axr9,1455,2026-06-02T20:46:16Z,2026-06-02T20:46:18Z,False,False
15763,m03_ml4_1_stakes_tier.html,Stakes Tier-5,editable,text/html,8825,https://sit-online.instructure.com/files/15763/download?download_frd=1&verifier=5g9ajixsjR984fzSntZmXqpsNEx3Rp7K0Tih8LBd,1455,2026-06-02T20:53:23Z,2026-06-02T20:53:25Z,False,False
15856,m03_ml4_1_stakes_tier.html,Stakes Tier-6,editable,text/html,8825,https://sit-online.instructure.com/files/15856/download?download_frd=1&verifier=Vfw8YztUdBsYnimpagGYUh9XTGSx3rLSzjAbyp1F,1455,2026-06-03T00:49:05Z,2026-06-03T00:49:07Z,False,False
15907,m03_ml4_1_stakes_tier.html,Stakes Tier-7,editable,text/html,8825,https://sit-online.instructure.com/files/15907/download?download_frd=1&verifier=2Rhsp7LYww9RlGR2MDxHYbx8LxOCqBZ9OEdEnb7z,1455,2026-06-03T05:57:57Z,2026-06-04T15:33:13Z,False,False
15791,m02_ml1_3_structure_spotter.html,Structure Spotter,editable,text/html,9151,https://sit-online.instructure.com/files/15791/download?download_frd=1&verifier=C14c98erY452lXq2NYVyhOsdA053yJEY21qvbmNJ,1455,2026-06-02T22:22:30Z,2026-06-02T22:22:32Z,False,False
15811,m02_ml1_3_structure_spotter.html,Structure Spotter-1,editable,text/html,8001,https://sit-online.instructure.com/files/15811/download?download_frd=1&verifier=vTGJyn16YAuDc25z4b5sjIS4eDRou7wvz7XB7pEm,1455,2026-06-03T00:33:47Z,2026-06-03T00:33:49Z,False,False
15831,m02_ml1_3_structure_spotter.html,Structure Spotter-2,editable,text/html,8001,https://sit-online.instructure.com/files/15831/download?download_frd=1&verifier=7VkvfFgzSKeeb15iGXwlf7cWBZpTMzmalDeRsknT,1455,2026-06-03T00:42:18Z,2026-06-03T00:42:21Z,False,False
15881,m02_ml1_3_structure_spotter.html,Structure Spotter-3,editable,text/html,8001,https://sit-online.instructure.com/files/15881/download?download_frd=1&verifier=zol1noZC8TCVUdqbhwcWK465WwuzJqlTWiOyMO4W,1455,2026-06-03T05:57:38Z,2026-06-04T15:32:50Z,False,False
15242,video.png,video.png,image,image/png,2147,https://sit-online.instructure.com/files/15242/download?download_frd=1&verifier=HcVOFdCsJA0uWjH5sWdTFCyYg5ibhd9dDPAB1waT,1263,2026-05-01T22:47:28Z,2026-05-01T22:47:30Z,False,False
15577,vision_ai.png,vision_ai.png,image,image/png,21088,https://sit-online.instructure.com/files/15577/download?download_frd=1&verifier=6e47AU6mgQzZbt9Ikdpo23O2L10dwVr7gBO17aGa,1453,2026-06-02T14:22:02Z,2026-06-02T14:22:03Z,False,True
15694,m04_ml4_1_wheres_human.html,Where's the Human?,editable,text/html,9036,https://sit-online.instructure.com/files/15694/download?download_frd=1&verifier=x61Y4RUe7dkli1cTgBZ8VR1NV5wjRSyNBYhQUmxv,1455,2026-06-02T20:38:12Z,2026-06-02T20:38:14Z,False,False
15746,m04_ml4_1_wheres_human.html,Where's the Human?-1,editable,text/html,9036,https://sit-online.instructure.com/files/15746/download?download_frd=1&verifier=4rtI0aRmg6vhIubvSVVEXCjye13bfiD4VTDvLmKY,1455,2026-06-02T20:46:35Z,2026-06-02T20:46:36Z,False,False
15781,m04_ml4_1_wheres_human.html,Where's the Human?-2,editable,text/html,9036,https://sit-online.instructure.com/files/15781/download?download_frd=1&verifier=yUm1uLWNgTAXEFLj7o0XOBeWWFJwIqS4WZN7et46,1455,2026-06-02T20:53:43Z,2026-06-02T20:53:44Z,False,False
15928,m04_ml4_1_wheres_human.html,Where's the Human?-3,editable,text/html,10030,https://sit-online.instructure.com/files/15928/download?download_frd=1&verifier=vNP5LbGcxLtuhU3dfqwAPonI3s4SwnG7LE4SH7Iw,1455,2026-06-03T05:58:16Z,2026-06-04T15:33:34Z,False,False
