video_id,page_file,page_title,embed_type,embed_title,width,height,embed_url
78986d7f-727c-4b95-9659-b4400155a6ef,course-introduction__course-introduction-2.html,Course_Introduction,iframe,,,,https://stevens.hosted.panopto.com/Panopto/Pages/Embed.aspx?id=78986d7f-727c-4b95-9659-b4400155a6ef&autoplay=false&offerviewer=true&showtitle=true&showbrand=true&captions=false&interactivity=all
78986d7f-727c-4b95-9659-b4400155a6ef,course-overview-v2__course-overview-v2.html,course overview v2,iframe,,,,https://stevens.hosted.panopto.com/Panopto/Pages/Embed.aspx?id=78986d7f-727c-4b95-9659-b4400155a6ef&autoplay=false&offerviewer=true&showtitle=true&showbrand=true&captions=false&interactivity=all
be644063-339b-438a-9169-b44301466ea7,lesson-1-what-is-artificial-intelligence__lesson-1-what-is-artificial-intelligence.html,Lesson 1 - What is artificial intelligence?,iframe,Lesson 1 video: What Is Intelligence? What Is Artificial Intelligence?,,,https://stevens.hosted.panopto.com/Panopto/Pages/Embed.aspx?id=be644063-339b-438a-9169-b44301466ea7&autoplay=false
be644063-339b-438a-9169-b44301466ea7,lesson-1-what-is-artificial-intelligence__lesson-1-what-is-artificial-intelligence.html,Lesson 1 - What is artificial intelligence?,link,open the Lesson 1 video in Panopto,,,https://stevens.hosted.panopto.com/Panopto/Pages/Viewer.aspx?id=be644063-339b-438a-9169-b44301466ea7
PLACEHOLDER,m2-lesson-1-micro-1-1__m02-l1-ml-1-2.html,M2 Lesson 1 - Micro 1.1,iframe,Micro-Learning 1.1 video: What Counts as Data (and What Doesn't),,,https://stevens.hosted.panopto.com/Panopto/Pages/Embed.aspx?id=PLACEHOLDER&autoplay=false&offerviewer=true&showtitle=true&showbrand=true&captions=false&interactivity=all
PLACEHOLDER,m2-lesson-1-micro-1-1__m02-l1-ml-1-3.html,M2 Lesson 1 - Micro 1.1,iframe,Micro-Learning 1.1 video: What Counts as Data (and What Doesn't),,,https://stevens.hosted.panopto.com/Panopto/Pages/Embed.aspx?id=PLACEHOLDER&autoplay=false&offerviewer=true&showtitle=true&showbrand=true&captions=false&interactivity=all
PLACEHOLDER,m2-lesson-1-micro-1-1__m02-l1-ml-1-4.html,M2 Lesson 1 - Micro 1.1,iframe,Micro-Learning 1.1 video: What Counts as Data (and What Doesn't),,,https://stevens.hosted.panopto.com/Panopto/Pages/Embed.aspx?id=PLACEHOLDER&autoplay=false&offerviewer=true&showtitle=true&showbrand=true&captions=false&interactivity=all
PLACEHOLDER,m2-lesson-1-micro-1-1__m02-l1-ml-1.html,M2 Lesson 1 - Micro 1.1,iframe,Micro-Learning 1.1 video: What Counts as Data (and What Doesn't),,,https://stevens.hosted.panopto.com/Panopto/Pages/Embed.aspx?id=PLACEHOLDER&autoplay=false&offerviewer=true&showtitle=true&showbrand=true&captions=false&interactivity=all
PLACEHOLDER,m2-lesson-1-micro-1-2__m02-l1-ml-2-2.html,M2 Lesson 1 - Micro 1.2,iframe,Micro-Learning 1.2 video: Inputs and Outputs of a Recommender App,,,https://stevens.hosted.panopto.com/Panopto/Pages/Embed.aspx?id=PLACEHOLDER&autoplay=false&offerviewer=true&showtitle=true&showbrand=true&captions=false&interactivity=all
PLACEHOLDER,m2-lesson-1-micro-1-2__m02-l1-ml-2-2.html,M2 Lesson 1 - Micro 1.2,link,open it in Panopto,,,https://stevens.hosted.panopto.com/Panopto/Pages/Viewer.aspx?id=PLACEHOLDER
PLACEHOLDER,m2-lesson-1-micro-1-2__m02-l1-ml-2-3.html,M2 Lesson 1 - Micro 1.2,iframe,Micro-Learning 1.2 video: Inputs and Outputs of a Recommender App,,,https://stevens.hosted.panopto.com/Panopto/Pages/Embed.aspx?id=PLACEHOLDER&autoplay=false&offerviewer=true&showtitle=true&showbrand=true&captions=false&interactivity=all
PLACEHOLDER,m2-lesson-1-micro-1-2__m02-l1-ml-2-3.html,M2 Lesson 1 - Micro 1.2,link,open it in Panopto,,,https://stevens.hosted.panopto.com/Panopto/Pages/Viewer.aspx?id=PLACEHOLDER
PLACEHOLDER,m2-lesson-1-micro-1-2__m02-l1-ml-2-4.html,M2 Lesson 1 - Micro 1.2,iframe,Micro-Learning 1.2 video: Inputs and Outputs of a Recommender App,,,https://stevens.hosted.panopto.com/Panopto/Pages/Embed.aspx?id=PLACEHOLDER&autoplay=false&offerviewer=true&showtitle=true&showbrand=true&captions=false&interactivity=all
PLACEHOLDER,m2-lesson-1-micro-1-2__m02-l1-ml-2-4.html,M2 Lesson 1 - Micro 1.2,link,open it in Panopto,,,https://stevens.hosted.panopto.com/Panopto/Pages/Viewer.aspx?id=PLACEHOLDER
PLACEHOLDER,m2-lesson-1-micro-1-2__m02-l1-ml-2.html,M2 Lesson 1 - Micro 1.2,iframe,Micro-Learning 1.2 video: Inputs and Outputs of a Recommender App,,,https://stevens.hosted.panopto.com/Panopto/Pages/Embed.aspx?id=PLACEHOLDER&autoplay=false&offerviewer=true&showtitle=true&showbrand=true&captions=false&interactivity=all
PLACEHOLDER,m2-lesson-1-micro-1-2__m02-l1-ml-2.html,M2 Lesson 1 - Micro 1.2,link,open it in Panopto,,,https://stevens.hosted.panopto.com/Panopto/Pages/Viewer.aspx?id=PLACEHOLDER
PLACEHOLDER,m2-lesson-1-micro-1-3__m02-l1-ml-3-2.html,M2 Lesson 1 - Micro 1.3,iframe,Micro-Learning 1.3 video: Structured and Unstructured Data,,,https://stevens.hosted.panopto.com/Panopto/Pages/Embed.aspx?id=PLACEHOLDER&autoplay=false&offerviewer=true&showtitle=true&showbrand=true&captions=false&interactivity=all
PLACEHOLDER,m2-lesson-1-micro-1-3__m02-l1-ml-3-2.html,M2 Lesson 1 - Micro 1.3,link,open it in Panopto,,,https://stevens.hosted.panopto.com/Panopto/Pages/Viewer.aspx?id=PLACEHOLDER
PLACEHOLDER,m2-lesson-1-micro-1-3__m02-l1-ml-3-3.html,M2 Lesson 1 - Micro 1.3,iframe,Micro-Learning 1.3 video: Structured and Unstructured Data,,,https://stevens.hosted.panopto.com/Panopto/Pages/Embed.aspx?id=PLACEHOLDER&autoplay=false&offerviewer=true&showtitle=true&showbrand=true&captions=false&interactivity=all
PLACEHOLDER,m2-lesson-1-micro-1-3__m02-l1-ml-3-3.html,M2 Lesson 1 - Micro 1.3,link,open it in Panopto,,,https://stevens.hosted.panopto.com/Panopto/Pages/Viewer.aspx?id=PLACEHOLDER
PLACEHOLDER,m2-lesson-1-micro-1-3__m02-l1-ml-3-4.html,M2 Lesson 1 - Micro 1.3,iframe,Micro-Learning 1.3 video: Structured and Unstructured Data,,,https://stevens.hosted.panopto.com/Panopto/Pages/Embed.aspx?id=PLACEHOLDER&autoplay=false&offerviewer=true&showtitle=true&showbrand=true&captions=false&interactivity=all
PLACEHOLDER,m2-lesson-1-micro-1-3__m02-l1-ml-3-4.html,M2 Lesson 1 - Micro 1.3,link,open it in Panopto,,,https://stevens.hosted.panopto.com/Panopto/Pages/Viewer.aspx?id=PLACEHOLDER
PLACEHOLDER,m2-lesson-1-micro-1-3__m02-l1-ml-3.html,M2 Lesson 1 - Micro 1.3,iframe,Micro-Learning 1.3 video: Structured and Unstructured Data,,,https://stevens.hosted.panopto.com/Panopto/Pages/Embed.aspx?id=PLACEHOLDER&autoplay=false&offerviewer=true&showtitle=true&showbrand=true&captions=false&interactivity=all
PLACEHOLDER,m2-lesson-1-micro-1-3__m02-l1-ml-3.html,M2 Lesson 1 - Micro 1.3,link,open it in Panopto,,,https://stevens.hosted.panopto.com/Panopto/Pages/Viewer.aspx?id=PLACEHOLDER
PLACEHOLDER,m2-lesson-1__m02-l1-2.html,M2 Lesson 1,iframe,"Lesson 1 video: What Is Data, Really?",,,https://stevens.hosted.panopto.com/Panopto/Pages/Embed.aspx?id=PLACEHOLDER&autoplay=false&offerviewer=true&showtitle=true&showbrand=true&captions=false&interactivity=all
PLACEHOLDER,m2-lesson-1__m02-l1-2.html,M2 Lesson 1,link,open the Lesson 1 video in Panopto,,,https://stevens.hosted.panopto.com/Panopto/Pages/Viewer.aspx?id=PLACEHOLDER
PLACEHOLDER,m2-lesson-1__m02-l1-3.html,M2 Lesson 1,iframe,"Lesson 1 video: What Is Data, Really?",,,https://stevens.hosted.panopto.com/Panopto/Pages/Embed.aspx?id=PLACEHOLDER&autoplay=false&offerviewer=true&showtitle=true&showbrand=true&captions=false&interactivity=all
PLACEHOLDER,m2-lesson-1__m02-l1-3.html,M2 Lesson 1,link,open the Lesson 1 video in Panopto,,,https://stevens.hosted.panopto.com/Panopto/Pages/Viewer.aspx?id=PLACEHOLDER
PLACEHOLDER,m2-lesson-1__m02-l1-4.html,M2 Lesson 1,iframe,"Lesson 1 video: What Is Data, Really?",,,https://stevens.hosted.panopto.com/Panopto/Pages/Embed.aspx?id=PLACEHOLDER&autoplay=false&offerviewer=true&showtitle=true&showbrand=true&captions=false&interactivity=all
PLACEHOLDER,m2-lesson-1__m02-l1-4.html,M2 Lesson 1,link,open the Lesson 1 video in Panopto,,,https://stevens.hosted.panopto.com/Panopto/Pages/Viewer.aspx?id=PLACEHOLDER
PLACEHOLDER,m2-lesson-1__m02-l1.html,M2 Lesson 1,iframe,"Lesson 1 video: What Is Data, Really?",,,https://stevens.hosted.panopto.com/Panopto/Pages/Embed.aspx?id=PLACEHOLDER&autoplay=false&offerviewer=true&showtitle=true&showbrand=true&captions=false&interactivity=all
PLACEHOLDER,m2-lesson-1__m02-l1.html,M2 Lesson 1,link,open the Lesson 1 video in Panopto,,,https://stevens.hosted.panopto.com/Panopto/Pages/Viewer.aspx?id=PLACEHOLDER
PLACEHOLDER,m2-lesson-2-micro-2-1__m02-l2-ml-1-2.html,M2 Lesson 2 - Micro 2.1,iframe,Micro-Learning 2.1 video: Features in 90 Seconds,,,https://stevens.hosted.panopto.com/Panopto/Pages/Embed.aspx?id=PLACEHOLDER&autoplay=false&offerviewer=true&showtitle=true&showbrand=true&captions=false&interactivity=all
PLACEHOLDER,m2-lesson-2-micro-2-1__m02-l2-ml-1-2.html,M2 Lesson 2 - Micro 2.1,link,open it in Panopto,,,https://stevens.hosted.panopto.com/Panopto/Pages/Viewer.aspx?id=PLACEHOLDER
PLACEHOLDER,m2-lesson-2-micro-2-1__m02-l2-ml-1-3.html,M2 Lesson 2 - Micro 2.1,iframe,Micro-Learning 2.1 video: Features in 90 Seconds,,,https://stevens.hosted.panopto.com/Panopto/Pages/Embed.aspx?id=PLACEHOLDER&autoplay=false&offerviewer=true&showtitle=true&showbrand=true&captions=false&interactivity=all
PLACEHOLDER,m2-lesson-2-micro-2-1__m02-l2-ml-1-3.html,M2 Lesson 2 - Micro 2.1,link,open it in Panopto,,,https://stevens.hosted.panopto.com/Panopto/Pages/Viewer.aspx?id=PLACEHOLDER
PLACEHOLDER,m2-lesson-2-micro-2-1__m02-l2-ml-1-4.html,M2 Lesson 2 - Micro 2.1,iframe,Micro-Learning 2.1 video: Features in 90 Seconds,,,https://stevens.hosted.panopto.com/Panopto/Pages/Embed.aspx?id=PLACEHOLDER&autoplay=false&offerviewer=true&showtitle=true&showbrand=true&captions=false&interactivity=all
PLACEHOLDER,m2-lesson-2-micro-2-1__m02-l2-ml-1-4.html,M2 Lesson 2 - Micro 2.1,link,open it in Panopto,,,https://stevens.hosted.panopto.com/Panopto/Pages/Viewer.aspx?id=PLACEHOLDER
PLACEHOLDER,m2-lesson-2-micro-2-1__m02-l2-ml-1.html,M2 Lesson 2 - Micro 2.1,iframe,Micro-Learning 2.1 video: Features in 90 Seconds,,,https://stevens.hosted.panopto.com/Panopto/Pages/Embed.aspx?id=PLACEHOLDER&autoplay=false&offerviewer=true&showtitle=true&showbrand=true&captions=false&interactivity=all
PLACEHOLDER,m2-lesson-2-micro-2-1__m02-l2-ml-1.html,M2 Lesson 2 - Micro 2.1,link,open it in Panopto,,,https://stevens.hosted.panopto.com/Panopto/Pages/Viewer.aspx?id=PLACEHOLDER
PLACEHOLDER,m2-lesson-2-micro-2-2__m02-l2-ml-2-2.html,M2 Lesson 2 - Micro 2.2,iframe,Micro-Learning 2.2 video: Why One Bad Label Can Ruin a Model,,,https://stevens.hosted.panopto.com/Panopto/Pages/Embed.aspx?id=PLACEHOLDER&autoplay=false&offerviewer=true&showtitle=true&showbrand=true&captions=false&interactivity=all
PLACEHOLDER,m2-lesson-2-micro-2-2__m02-l2-ml-2-2.html,M2 Lesson 2 - Micro 2.2,link,open it in Panopto,,,https://stevens.hosted.panopto.com/Panopto/Pages/Viewer.aspx?id=PLACEHOLDER
PLACEHOLDER,m2-lesson-2-micro-2-2__m02-l2-ml-2-3.html,M2 Lesson 2 - Micro 2.2,iframe,Micro-Learning 2.2 video: Why One Bad Label Can Ruin a Model,,,https://stevens.hosted.panopto.com/Panopto/Pages/Embed.aspx?id=PLACEHOLDER&autoplay=false&offerviewer=true&showtitle=true&showbrand=true&captions=false&interactivity=all
PLACEHOLDER,m2-lesson-2-micro-2-2__m02-l2-ml-2-3.html,M2 Lesson 2 - Micro 2.2,link,open it in Panopto,,,https://stevens.hosted.panopto.com/Panopto/Pages/Viewer.aspx?id=PLACEHOLDER
PLACEHOLDER,m2-lesson-2-micro-2-2__m02-l2-ml-2-4.html,M2 Lesson 2 - Micro 2.2,iframe,Micro-Learning 2.2 video: Why One Bad Label Can Ruin a Model,,,https://stevens.hosted.panopto.com/Panopto/Pages/Embed.aspx?id=PLACEHOLDER&autoplay=false&offerviewer=true&showtitle=true&showbrand=true&captions=false&interactivity=all
PLACEHOLDER,m2-lesson-2-micro-2-2__m02-l2-ml-2-4.html,M2 Lesson 2 - Micro 2.2,link,open it in Panopto,,,https://stevens.hosted.panopto.com/Panopto/Pages/Viewer.aspx?id=PLACEHOLDER
PLACEHOLDER,m2-lesson-2-micro-2-2__m02-l2-ml-2.html,M2 Lesson 2 - Micro 2.2,iframe,Micro-Learning 2.2 video: Why One Bad Label Can Ruin a Model,,,https://stevens.hosted.panopto.com/Panopto/Pages/Embed.aspx?id=PLACEHOLDER&autoplay=false&offerviewer=true&showtitle=true&showbrand=true&captions=false&interactivity=all
PLACEHOLDER,m2-lesson-2-micro-2-2__m02-l2-ml-2.html,M2 Lesson 2 - Micro 2.2,link,open it in Panopto,,,https://stevens.hosted.panopto.com/Panopto/Pages/Viewer.aspx?id=PLACEHOLDER
PLACEHOLDER,m2-lesson-2-micro-2-3__m02-l2-ml-3-2.html,M2 Lesson 2 - Micro 2.3,iframe,Micro-Learning 2.3 video: Feature Engineering at a Beginner Level,,,https://stevens.hosted.panopto.com/Panopto/Pages/Embed.aspx?id=PLACEHOLDER&autoplay=false&offerviewer=true&showtitle=true&showbrand=true&captions=false&interactivity=all
PLACEHOLDER,m2-lesson-2-micro-2-3__m02-l2-ml-3-3.html,M2 Lesson 2 - Micro 2.3,iframe,Micro-Learning 2.3 video: Feature Engineering at a Beginner Level,,,https://stevens.hosted.panopto.com/Panopto/Pages/Embed.aspx?id=PLACEHOLDER&autoplay=false&offerviewer=true&showtitle=true&showbrand=true&captions=false&interactivity=all
PLACEHOLDER,m2-lesson-2-micro-2-3__m02-l2-ml-3-4.html,M2 Lesson 2 - Micro 2.3,iframe,Micro-Learning 2.3 video: Feature Engineering at a Beginner Level,,,https://stevens.hosted.panopto.com/Panopto/Pages/Embed.aspx?id=PLACEHOLDER&autoplay=false&offerviewer=true&showtitle=true&showbrand=true&captions=false&interactivity=all
PLACEHOLDER,m2-lesson-2-micro-2-3__m02-l2-ml-3.html,M2 Lesson 2 - Micro 2.3,iframe,Micro-Learning 2.3 video: Feature Engineering at a Beginner Level,,,https://stevens.hosted.panopto.com/Panopto/Pages/Embed.aspx?id=PLACEHOLDER&autoplay=false&offerviewer=true&showtitle=true&showbrand=true&captions=false&interactivity=all
PLACEHOLDER,m2-lesson-2__m02-l2-2.html,M2 Lesson 2,iframe,Lesson 2 video: What the Model Actually Learns From.,,,https://stevens.hosted.panopto.com/Panopto/Pages/Embed.aspx?id=PLACEHOLDER&autoplay=false&offerviewer=true&showtitle=true&showbrand=true&captions=false&interactivity=all
PLACEHOLDER,m2-lesson-2__m02-l2-2.html,M2 Lesson 2,link,open the Lesson 2 video in Panopto,,,https://stevens.hosted.panopto.com/Panopto/Pages/Viewer.aspx?id=PLACEHOLDER
PLACEHOLDER,m2-lesson-2__m02-l2-3.html,M2 Lesson 2,iframe,Lesson 2 video: What the Model Actually Learns From.,,,https://stevens.hosted.panopto.com/Panopto/Pages/Embed.aspx?id=PLACEHOLDER&autoplay=false&offerviewer=true&showtitle=true&showbrand=true&captions=false&interactivity=all
PLACEHOLDER,m2-lesson-2__m02-l2-3.html,M2 Lesson 2,link,open the Lesson 2 video in Panopto,,,https://stevens.hosted.panopto.com/Panopto/Pages/Viewer.aspx?id=PLACEHOLDER
PLACEHOLDER,m2-lesson-2__m02-l2-4.html,M2 Lesson 2,iframe,Lesson 2 video: What the Model Actually Learns From.,,,https://stevens.hosted.panopto.com/Panopto/Pages/Embed.aspx?id=PLACEHOLDER&autoplay=false&offerviewer=true&showtitle=true&showbrand=true&captions=false&interactivity=all
PLACEHOLDER,m2-lesson-2__m02-l2-4.html,M2 Lesson 2,link,open the Lesson 2 video in Panopto,,,https://stevens.hosted.panopto.com/Panopto/Pages/Viewer.aspx?id=PLACEHOLDER
PLACEHOLDER,m2-lesson-2__m02-l2.html,M2 Lesson 2,iframe,Lesson 2 video: What the Model Actually Learns From.,,,https://stevens.hosted.panopto.com/Panopto/Pages/Embed.aspx?id=PLACEHOLDER&autoplay=false&offerviewer=true&showtitle=true&showbrand=true&captions=false&interactivity=all
PLACEHOLDER,m2-lesson-2__m02-l2.html,M2 Lesson 2,link,open the Lesson 2 video in Panopto,,,https://stevens.hosted.panopto.com/Panopto/Pages/Viewer.aspx?id=PLACEHOLDER
PLACEHOLDER,m2-lesson-3-micro-3-1__m02-l3-ml-1-2.html,M2 Lesson 3 - Micro 3.1,iframe,Micro-Learning 3.1 video: Why Models Need Data They Haven't Seen,,,https://stevens.hosted.panopto.com/Panopto/Pages/Embed.aspx?id=PLACEHOLDER&autoplay=false&offerviewer=true&showtitle=true&showbrand=true&captions=false&interactivity=all
PLACEHOLDER,m2-lesson-3-micro-3-1__m02-l3-ml-1-2.html,M2 Lesson 3 - Micro 3.1,link,open it in Panopto,,,https://stevens.hosted.panopto.com/Panopto/Pages/Viewer.aspx?id=PLACEHOLDER
PLACEHOLDER,m2-lesson-3-micro-3-1__m02-l3-ml-1-3.html,M2 Lesson 3 - Micro 3.1,iframe,Micro-Learning 3.1 video: Why Models Need Data They Haven't Seen,,,https://stevens.hosted.panopto.com/Panopto/Pages/Embed.aspx?id=PLACEHOLDER&autoplay=false&offerviewer=true&showtitle=true&showbrand=true&captions=false&interactivity=all
PLACEHOLDER,m2-lesson-3-micro-3-1__m02-l3-ml-1-3.html,M2 Lesson 3 - Micro 3.1,link,open it in Panopto,,,https://stevens.hosted.panopto.com/Panopto/Pages/Viewer.aspx?id=PLACEHOLDER
PLACEHOLDER,m2-lesson-3-micro-3-1__m02-l3-ml-1-4.html,M2 Lesson 3 - Micro 3.1,iframe,Micro-Learning 3.1 video: Why Models Need Data They Haven't Seen,,,https://stevens.hosted.panopto.com/Panopto/Pages/Embed.aspx?id=PLACEHOLDER&autoplay=false&offerviewer=true&showtitle=true&showbrand=true&captions=false&interactivity=all
PLACEHOLDER,m2-lesson-3-micro-3-1__m02-l3-ml-1-4.html,M2 Lesson 3 - Micro 3.1,link,open it in Panopto,,,https://stevens.hosted.panopto.com/Panopto/Pages/Viewer.aspx?id=PLACEHOLDER
PLACEHOLDER,m2-lesson-3-micro-3-1__m02-l3-ml-1.html,M2 Lesson 3 - Micro 3.1,iframe,Micro-Learning 3.1 video: Why Models Need Data They Haven't Seen,,,https://stevens.hosted.panopto.com/Panopto/Pages/Embed.aspx?id=PLACEHOLDER&autoplay=false&offerviewer=true&showtitle=true&showbrand=true&captions=false&interactivity=all
PLACEHOLDER,m2-lesson-3-micro-3-1__m02-l3-ml-1.html,M2 Lesson 3 - Micro 3.1,link,open it in Panopto,,,https://stevens.hosted.panopto.com/Panopto/Pages/Viewer.aspx?id=PLACEHOLDER
PLACEHOLDER,m2-lesson-3-micro-3-2__m02-l3-ml-2-2.html,M2 Lesson 3 - Micro 3.2,iframe,"Micro-Learning 3.2 video: Train, Validation, Test Split",,,https://stevens.hosted.panopto.com/Panopto/Pages/Embed.aspx?id=PLACEHOLDER&autoplay=false&offerviewer=true&showtitle=true&showbrand=true&captions=false&interactivity=all
PLACEHOLDER,m2-lesson-3-micro-3-2__m02-l3-ml-2-3.html,M2 Lesson 3 - Micro 3.2,iframe,"Micro-Learning 3.2 video: Train, Validation, Test Split",,,https://stevens.hosted.panopto.com/Panopto/Pages/Embed.aspx?id=PLACEHOLDER&autoplay=false&offerviewer=true&showtitle=true&showbrand=true&captions=false&interactivity=all
PLACEHOLDER,m2-lesson-3-micro-3-2__m02-l3-ml-2-4.html,M2 Lesson 3 - Micro 3.2,iframe,"Micro-Learning 3.2 video: Train, Validation, Test Split",,,https://stevens.hosted.panopto.com/Panopto/Pages/Embed.aspx?id=PLACEHOLDER&autoplay=false&offerviewer=true&showtitle=true&showbrand=true&captions=false&interactivity=all
PLACEHOLDER,m2-lesson-3-micro-3-2__m02-l3-ml-2.html,M2 Lesson 3 - Micro 3.2,iframe,"Micro-Learning 3.2 video: Train, Validation, Test Split",,,https://stevens.hosted.panopto.com/Panopto/Pages/Embed.aspx?id=PLACEHOLDER&autoplay=false&offerviewer=true&showtitle=true&showbrand=true&captions=false&interactivity=all
PLACEHOLDER,m2-lesson-3-micro-3-3__m02-l3-ml-3-2.html,M2 Lesson 3 - Micro 3.3,iframe,Micro-Learning 3.3 video: The Data-Leakage Trap,,,https://stevens.hosted.panopto.com/Panopto/Pages/Embed.aspx?id=PLACEHOLDER&autoplay=false&offerviewer=true&showtitle=true&showbrand=true&captions=false&interactivity=all
PLACEHOLDER,m2-lesson-3-micro-3-3__m02-l3-ml-3-2.html,M2 Lesson 3 - Micro 3.3,link,open it in Panopto,,,https://stevens.hosted.panopto.com/Panopto/Pages/Viewer.aspx?id=PLACEHOLDER
PLACEHOLDER,m2-lesson-3-micro-3-3__m02-l3-ml-3-3.html,M2 Lesson 3 - Micro 3.3,iframe,Micro-Learning 3.3 video: The Data-Leakage Trap,,,https://stevens.hosted.panopto.com/Panopto/Pages/Embed.aspx?id=PLACEHOLDER&autoplay=false&offerviewer=true&showtitle=true&showbrand=true&captions=false&interactivity=all
PLACEHOLDER,m2-lesson-3-micro-3-3__m02-l3-ml-3-3.html,M2 Lesson 3 - Micro 3.3,link,open it in Panopto,,,https://stevens.hosted.panopto.com/Panopto/Pages/Viewer.aspx?id=PLACEHOLDER
PLACEHOLDER,m2-lesson-3-micro-3-3__m02-l3-ml-3-4.html,M2 Lesson 3 - Micro 3.3,iframe,Micro-Learning 3.3 video: The Data-Leakage Trap,,,https://stevens.hosted.panopto.com/Panopto/Pages/Embed.aspx?id=PLACEHOLDER&autoplay=false&offerviewer=true&showtitle=true&showbrand=true&captions=false&interactivity=all
PLACEHOLDER,m2-lesson-3-micro-3-3__m02-l3-ml-3-4.html,M2 Lesson 3 - Micro 3.3,link,open it in Panopto,,,https://stevens.hosted.panopto.com/Panopto/Pages/Viewer.aspx?id=PLACEHOLDER
PLACEHOLDER,m2-lesson-3-micro-3-3__m02-l3-ml-3.html,M2 Lesson 3 - Micro 3.3,iframe,Micro-Learning 3.3 video: The Data-Leakage Trap,,,https://stevens.hosted.panopto.com/Panopto/Pages/Embed.aspx?id=PLACEHOLDER&autoplay=false&offerviewer=true&showtitle=true&showbrand=true&captions=false&interactivity=all
PLACEHOLDER,m2-lesson-3-micro-3-3__m02-l3-ml-3.html,M2 Lesson 3 - Micro 3.3,link,open it in Panopto,,,https://stevens.hosted.panopto.com/Panopto/Pages/Viewer.aspx?id=PLACEHOLDER
PLACEHOLDER,m2-lesson-3__m02-l3-2.html,M2 Lesson 3,iframe,"Lesson 3 video: Memorize, Learn, or Cheat?",,,https://stevens.hosted.panopto.com/Panopto/Pages/Embed.aspx?id=PLACEHOLDER&autoplay=false&offerviewer=true&showtitle=true&showbrand=true&captions=false&interactivity=all
PLACEHOLDER,m2-lesson-3__m02-l3-2.html,M2 Lesson 3,link,open the Lesson 3 video in Panopto,,,https://stevens.hosted.panopto.com/Panopto/Pages/Viewer.aspx?id=PLACEHOLDER
PLACEHOLDER,m2-lesson-3__m02-l3-3.html,M2 Lesson 3,iframe,"Lesson 3 video: Memorize, Learn, or Cheat?",,,https://stevens.hosted.panopto.com/Panopto/Pages/Embed.aspx?id=PLACEHOLDER&autoplay=false&offerviewer=true&showtitle=true&showbrand=true&captions=false&interactivity=all
PLACEHOLDER,m2-lesson-3__m02-l3-3.html,M2 Lesson 3,link,open the Lesson 3 video in Panopto,,,https://stevens.hosted.panopto.com/Panopto/Pages/Viewer.aspx?id=PLACEHOLDER
PLACEHOLDER,m2-lesson-3__m02-l3-4.html,M2 Lesson 3,iframe,"Lesson 3 video: Memorize, Learn, or Cheat?",,,https://stevens.hosted.panopto.com/Panopto/Pages/Embed.aspx?id=PLACEHOLDER&autoplay=false&offerviewer=true&showtitle=true&showbrand=true&captions=false&interactivity=all
PLACEHOLDER,m2-lesson-3__m02-l3-4.html,M2 Lesson 3,link,open the Lesson 3 video in Panopto,,,https://stevens.hosted.panopto.com/Panopto/Pages/Viewer.aspx?id=PLACEHOLDER
PLACEHOLDER,m2-lesson-3__m02-l3.html,M2 Lesson 3,iframe,"Lesson 3 video: Memorize, Learn, or Cheat?",,,https://stevens.hosted.panopto.com/Panopto/Pages/Embed.aspx?id=PLACEHOLDER&autoplay=false&offerviewer=true&showtitle=true&showbrand=true&captions=false&interactivity=all
PLACEHOLDER,m2-lesson-3__m02-l3.html,M2 Lesson 3,link,open the Lesson 3 video in Panopto,,,https://stevens.hosted.panopto.com/Panopto/Pages/Viewer.aspx?id=PLACEHOLDER
PLACEHOLDER,m2-lesson-4-micro-4-1__m02-l4-ml-1-2.html,M2 Lesson 4 - Micro 4.1,iframe,"Micro-Learning 4.1 video: Garbage In, Garbage Out",,,https://stevens.hosted.panopto.com/Panopto/Pages/Embed.aspx?id=PLACEHOLDER&autoplay=false&offerviewer=true&showtitle=true&showbrand=true&captions=false&interactivity=all
PLACEHOLDER,m2-lesson-4-micro-4-1__m02-l4-ml-1-3.html,M2 Lesson 4 - Micro 4.1,iframe,"Micro-Learning 4.1 video: Garbage In, Garbage Out",,,https://stevens.hosted.panopto.com/Panopto/Pages/Embed.aspx?id=PLACEHOLDER&autoplay=false&offerviewer=true&showtitle=true&showbrand=true&captions=false&interactivity=all
PLACEHOLDER,m2-lesson-4-micro-4-1__m02-l4-ml-1-4.html,M2 Lesson 4 - Micro 4.1,iframe,"Micro-Learning 4.1 video: Garbage In, Garbage Out",,,https://stevens.hosted.panopto.com/Panopto/Pages/Embed.aspx?id=PLACEHOLDER&autoplay=false&offerviewer=true&showtitle=true&showbrand=true&captions=false&interactivity=all
PLACEHOLDER,m2-lesson-4-micro-4-1__m02-l4-ml-1.html,M2 Lesson 4 - Micro 4.1,iframe,"Micro-Learning 4.1 video: Garbage In, Garbage Out",,,https://stevens.hosted.panopto.com/Panopto/Pages/Embed.aspx?id=PLACEHOLDER&autoplay=false&offerviewer=true&showtitle=true&showbrand=true&captions=false&interactivity=all
PLACEHOLDER,m2-lesson-4-micro-4-2__m02-l4-ml-2-2.html,M2 Lesson 4 - Micro 4.2,iframe,Micro-Learning 4.2 video: When Bias Enters Through the Training Data,,,https://stevens.hosted.panopto.com/Panopto/Pages/Embed.aspx?id=PLACEHOLDER&autoplay=false&offerviewer=true&showtitle=true&showbrand=true&captions=false&interactivity=all
PLACEHOLDER,m2-lesson-4-micro-4-2__m02-l4-ml-2-2.html,M2 Lesson 4 - Micro 4.2,link,open it in Panopto,,,https://stevens.hosted.panopto.com/Panopto/Pages/Viewer.aspx?id=PLACEHOLDER
PLACEHOLDER,m2-lesson-4-micro-4-2__m02-l4-ml-2-3.html,M2 Lesson 4 - Micro 4.2,iframe,Micro-Learning 4.2 video: When Bias Enters Through the Training Data,,,https://stevens.hosted.panopto.com/Panopto/Pages/Embed.aspx?id=PLACEHOLDER&autoplay=false&offerviewer=true&showtitle=true&showbrand=true&captions=false&interactivity=all
PLACEHOLDER,m2-lesson-4-micro-4-2__m02-l4-ml-2-3.html,M2 Lesson 4 - Micro 4.2,link,open it in Panopto,,,https://stevens.hosted.panopto.com/Panopto/Pages/Viewer.aspx?id=PLACEHOLDER
PLACEHOLDER,m2-lesson-4-micro-4-2__m02-l4-ml-2-4.html,M2 Lesson 4 - Micro 4.2,iframe,Micro-Learning 4.2 video: When Bias Enters Through the Training Data,,,https://stevens.hosted.panopto.com/Panopto/Pages/Embed.aspx?id=PLACEHOLDER&autoplay=false&offerviewer=true&showtitle=true&showbrand=true&captions=false&interactivity=all
PLACEHOLDER,m2-lesson-4-micro-4-2__m02-l4-ml-2-4.html,M2 Lesson 4 - Micro 4.2,link,open it in Panopto,,,https://stevens.hosted.panopto.com/Panopto/Pages/Viewer.aspx?id=PLACEHOLDER
PLACEHOLDER,m2-lesson-4-micro-4-2__m02-l4-ml-2.html,M2 Lesson 4 - Micro 4.2,iframe,Micro-Learning 4.2 video: When Bias Enters Through the Training Data,,,https://stevens.hosted.panopto.com/Panopto/Pages/Embed.aspx?id=PLACEHOLDER&autoplay=false&offerviewer=true&showtitle=true&showbrand=true&captions=false&interactivity=all
PLACEHOLDER,m2-lesson-4-micro-4-2__m02-l4-ml-2.html,M2 Lesson 4 - Micro 4.2,link,open it in Panopto,,,https://stevens.hosted.panopto.com/Panopto/Pages/Viewer.aspx?id=PLACEHOLDER
PLACEHOLDER,m2-lesson-4-micro-4-3__m02-l4-ml-3-2.html,M2 Lesson 4 - Micro 4.3,iframe,Micro-Learning 4.3 video: Spotting Suspicious Labels,,,https://stevens.hosted.panopto.com/Panopto/Pages/Embed.aspx?id=PLACEHOLDER&autoplay=false&offerviewer=true&showtitle=true&showbrand=true&captions=false&interactivity=all
PLACEHOLDER,m2-lesson-4-micro-4-3__m02-l4-ml-3-2.html,M2 Lesson 4 - Micro 4.3,link,open it in Panopto,,,https://stevens.hosted.panopto.com/Panopto/Pages/Viewer.aspx?id=PLACEHOLDER
PLACEHOLDER,m2-lesson-4-micro-4-3__m02-l4-ml-3-3.html,M2 Lesson 4 - Micro 4.3,iframe,Micro-Learning 4.3 video: Spotting Suspicious Labels,,,https://stevens.hosted.panopto.com/Panopto/Pages/Embed.aspx?id=PLACEHOLDER&autoplay=false&offerviewer=true&showtitle=true&showbrand=true&captions=false&interactivity=all
PLACEHOLDER,m2-lesson-4-micro-4-3__m02-l4-ml-3-3.html,M2 Lesson 4 - Micro 4.3,link,open it in Panopto,,,https://stevens.hosted.panopto.com/Panopto/Pages/Viewer.aspx?id=PLACEHOLDER
PLACEHOLDER,m2-lesson-4-micro-4-3__m02-l4-ml-3-4.html,M2 Lesson 4 - Micro 4.3,iframe,Micro-Learning 4.3 video: Spotting Suspicious Labels,,,https://stevens.hosted.panopto.com/Panopto/Pages/Embed.aspx?id=PLACEHOLDER&autoplay=false&offerviewer=true&showtitle=true&showbrand=true&captions=false&interactivity=all
PLACEHOLDER,m2-lesson-4-micro-4-3__m02-l4-ml-3-4.html,M2 Lesson 4 - Micro 4.3,link,open it in Panopto,,,https://stevens.hosted.panopto.com/Panopto/Pages/Viewer.aspx?id=PLACEHOLDER
PLACEHOLDER,m2-lesson-4-micro-4-3__m02-l4-ml-3.html,M2 Lesson 4 - Micro 4.3,iframe,Micro-Learning 4.3 video: Spotting Suspicious Labels,,,https://stevens.hosted.panopto.com/Panopto/Pages/Embed.aspx?id=PLACEHOLDER&autoplay=false&offerviewer=true&showtitle=true&showbrand=true&captions=false&interactivity=all
PLACEHOLDER,m2-lesson-4-micro-4-3__m02-l4-ml-3.html,M2 Lesson 4 - Micro 4.3,link,open it in Panopto,,,https://stevens.hosted.panopto.com/Panopto/Pages/Viewer.aspx?id=PLACEHOLDER
PLACEHOLDER,m2-lesson-4__m02-l4-2.html,M2 Lesson 4,iframe,"Lesson 4 video: Garbage In, Bias Out, Failure Everywhere.",,,https://stevens.hosted.panopto.com/Panopto/Pages/Embed.aspx?id=PLACEHOLDER&autoplay=false&offerviewer=true&showtitle=true&showbrand=true&captions=false&interactivity=all
PLACEHOLDER,m2-lesson-4__m02-l4-2.html,M2 Lesson 4,link,open the Lesson 4 video in Panopto,,,https://stevens.hosted.panopto.com/Panopto/Pages/Viewer.aspx?id=PLACEHOLDER
PLACEHOLDER,m2-lesson-4__m02-l4-3.html,M2 Lesson 4,iframe,"Lesson 4 video: Garbage In, Bias Out, Failure Everywhere.",,,https://stevens.hosted.panopto.com/Panopto/Pages/Embed.aspx?id=PLACEHOLDER&autoplay=false&offerviewer=true&showtitle=true&showbrand=true&captions=false&interactivity=all
PLACEHOLDER,m2-lesson-4__m02-l4-3.html,M2 Lesson 4,link,open the Lesson 4 video in Panopto,,,https://stevens.hosted.panopto.com/Panopto/Pages/Viewer.aspx?id=PLACEHOLDER
PLACEHOLDER,m2-lesson-4__m02-l4-4.html,M2 Lesson 4,iframe,"Lesson 4 video: Garbage In, Bias Out, Failure Everywhere.",,,https://stevens.hosted.panopto.com/Panopto/Pages/Embed.aspx?id=PLACEHOLDER&autoplay=false&offerviewer=true&showtitle=true&showbrand=true&captions=false&interactivity=all
PLACEHOLDER,m2-lesson-4__m02-l4-4.html,M2 Lesson 4,link,open the Lesson 4 video in Panopto,,,https://stevens.hosted.panopto.com/Panopto/Pages/Viewer.aspx?id=PLACEHOLDER
PLACEHOLDER,m2-lesson-4__m02-l4.html,M2 Lesson 4,iframe,"Lesson 4 video: Garbage In, Bias Out, Failure Everywhere.",,,https://stevens.hosted.panopto.com/Panopto/Pages/Embed.aspx?id=PLACEHOLDER&autoplay=false&offerviewer=true&showtitle=true&showbrand=true&captions=false&interactivity=all
PLACEHOLDER,m2-lesson-4__m02-l4.html,M2 Lesson 4,link,open the Lesson 4 video in Panopto,,,https://stevens.hosted.panopto.com/Panopto/Pages/Viewer.aspx?id=PLACEHOLDER
PLACEHOLDER,m3-lesson-1-micro-1-1__m03-l1-ml-1-2.html,M3 Lesson 1 - Micro 1.1,iframe,Micro-Learning 1.1 video: The Three Forms of Every Prediction,,,https://stevens.hosted.panopto.com/Panopto/Pages/Embed.aspx?id=PLACEHOLDER&autoplay=false&offerviewer=true&showtitle=true&showbrand=true&captions=false&interactivity=all
PLACEHOLDER,m3-lesson-1-micro-1-1__m03-l1-ml-1-3.html,M3 Lesson 1 - Micro 1.1,iframe,Micro-Learning 1.1 video: The Three Forms of Every Prediction,,,https://stevens.hosted.panopto.com/Panopto/Pages/Embed.aspx?id=PLACEHOLDER&autoplay=false&offerviewer=true&showtitle=true&showbrand=true&captions=false&interactivity=all
PLACEHOLDER,m3-lesson-1-micro-1-1__m03-l1-ml-1-4.html,M3 Lesson 1 - Micro 1.1,iframe,Micro-Learning 1.1 video: The Three Forms of Every Prediction,,,https://stevens.hosted.panopto.com/Panopto/Pages/Embed.aspx?id=PLACEHOLDER&autoplay=false&offerviewer=true&showtitle=true&showbrand=true&captions=false&interactivity=all
PLACEHOLDER,m3-lesson-1-micro-1-1__m03-l1-ml-1-5.html,M3 Lesson 1 - Micro 1.1,iframe,Micro-Learning 1.1 video: The Three Forms of Every Prediction,,,https://stevens.hosted.panopto.com/Panopto/Pages/Embed.aspx?id=PLACEHOLDER&autoplay=false&offerviewer=true&showtitle=true&showbrand=true&captions=false&interactivity=all
PLACEHOLDER,m3-lesson-1-micro-1-1__m03-l1-ml-1-6.html,M3 Lesson 1 - Micro 1.1,iframe,Micro-Learning 1.1 video: The Three Forms of Every Prediction,,,https://stevens.hosted.panopto.com/Panopto/Pages/Embed.aspx?id=PLACEHOLDER&autoplay=false&offerviewer=true&showtitle=true&showbrand=true&captions=false&interactivity=all
PLACEHOLDER,m3-lesson-1-micro-1-1__m03-l1-ml-1-6.html,M3 Lesson 1 - Micro 1.1,link,open it in Panopto,,,https://stevens.hosted.panopto.com/Panopto/Pages/Viewer.aspx?id=PLACEHOLDER
PLACEHOLDER,m3-lesson-1-micro-1-1__m03-l1-ml-1-7.html,M3 Lesson 1 - Micro 1.1,iframe,Micro-Learning 1.1 video: The Three Forms of Every Prediction,,,https://stevens.hosted.panopto.com/Panopto/Pages/Embed.aspx?id=PLACEHOLDER&autoplay=false&offerviewer=true&showtitle=true&showbrand=true&captions=false&interactivity=all
PLACEHOLDER,m3-lesson-1-micro-1-1__m03-l1-ml-1-7.html,M3 Lesson 1 - Micro 1.1,link,open it in Panopto,,,https://stevens.hosted.panopto.com/Panopto/Pages/Viewer.aspx?id=PLACEHOLDER
PLACEHOLDER,m3-lesson-1-micro-1-1__m03-l1-ml-1.html,M3 Lesson 1 - Micro 1.1,iframe,Micro-Learning 1.1 video: The Three Forms of Every Prediction,,,https://stevens.hosted.panopto.com/Panopto/Pages/Embed.aspx?id=PLACEHOLDER&autoplay=false&offerviewer=true&showtitle=true&showbrand=true&captions=false&interactivity=all
PLACEHOLDER,m3-lesson-1-micro-1-2__m03-l1-ml-2-2.html,M3 Lesson 1 - Micro 1.2,iframe,Micro-Learning 1.2 video: What Training Samples Really Mean,,,https://stevens.hosted.panopto.com/Panopto/Pages/Embed.aspx?id=PLACEHOLDER&autoplay=false&offerviewer=true&showtitle=true&showbrand=true&captions=false&interactivity=all
PLACEHOLDER,m3-lesson-1-micro-1-2__m03-l1-ml-2-3.html,M3 Lesson 1 - Micro 1.2,iframe,Micro-Learning 1.2 video: What Training Samples Really Mean,,,https://stevens.hosted.panopto.com/Panopto/Pages/Embed.aspx?id=PLACEHOLDER&autoplay=false&offerviewer=true&showtitle=true&showbrand=true&captions=false&interactivity=all
PLACEHOLDER,m3-lesson-1-micro-1-2__m03-l1-ml-2-4.html,M3 Lesson 1 - Micro 1.2,iframe,Micro-Learning 1.2 video: What Training Samples Really Mean,,,https://stevens.hosted.panopto.com/Panopto/Pages/Embed.aspx?id=PLACEHOLDER&autoplay=false&offerviewer=true&showtitle=true&showbrand=true&captions=false&interactivity=all
PLACEHOLDER,m3-lesson-1-micro-1-2__m03-l1-ml-2-5.html,M3 Lesson 1 - Micro 1.2,iframe,Micro-Learning 1.2 video: What Training Samples Really Mean,,,https://stevens.hosted.panopto.com/Panopto/Pages/Embed.aspx?id=PLACEHOLDER&autoplay=false&offerviewer=true&showtitle=true&showbrand=true&captions=false&interactivity=all
PLACEHOLDER,m3-lesson-1-micro-1-2__m03-l1-ml-2-6.html,M3 Lesson 1 - Micro 1.2,iframe,Micro-Learning 1.2 video: What Training Samples Really Mean,,,https://stevens.hosted.panopto.com/Panopto/Pages/Embed.aspx?id=PLACEHOLDER&autoplay=false&offerviewer=true&showtitle=true&showbrand=true&captions=false&interactivity=all
PLACEHOLDER,m3-lesson-1-micro-1-2__m03-l1-ml-2-6.html,M3 Lesson 1 - Micro 1.2,link,open it in Panopto,,,https://stevens.hosted.panopto.com/Panopto/Pages/Viewer.aspx?id=PLACEHOLDER
PLACEHOLDER,m3-lesson-1-micro-1-2__m03-l1-ml-2-7.html,M3 Lesson 1 - Micro 1.2,iframe,Micro-Learning 1.2 video: What Training Samples Really Mean,,,https://stevens.hosted.panopto.com/Panopto/Pages/Embed.aspx?id=PLACEHOLDER&autoplay=false&offerviewer=true&showtitle=true&showbrand=true&captions=false&interactivity=all
PLACEHOLDER,m3-lesson-1-micro-1-2__m03-l1-ml-2-7.html,M3 Lesson 1 - Micro 1.2,link,open it in Panopto,,,https://stevens.hosted.panopto.com/Panopto/Pages/Viewer.aspx?id=PLACEHOLDER
PLACEHOLDER,m3-lesson-1-micro-1-2__m03-l1-ml-2.html,M3 Lesson 1 - Micro 1.2,iframe,Micro-Learning 1.2 video: What Training Samples Really Mean,,,https://stevens.hosted.panopto.com/Panopto/Pages/Embed.aspx?id=PLACEHOLDER&autoplay=false&offerviewer=true&showtitle=true&showbrand=true&captions=false&interactivity=all
PLACEHOLDER,m3-lesson-1-micro-1-3__m03-l1-ml-3-2.html,M3 Lesson 1 - Micro 1.3,iframe,Micro-Learning 1.3 video: Capturing Good Training Data,,,https://stevens.hosted.panopto.com/Panopto/Pages/Embed.aspx?id=PLACEHOLDER&autoplay=false&offerviewer=true&showtitle=true&showbrand=true&captions=false&interactivity=all
PLACEHOLDER,m3-lesson-1-micro-1-3__m03-l1-ml-3-3.html,M3 Lesson 1 - Micro 1.3,iframe,Micro-Learning 1.3 video: Capturing Good Training Data,,,https://stevens.hosted.panopto.com/Panopto/Pages/Embed.aspx?id=PLACEHOLDER&autoplay=false&offerviewer=true&showtitle=true&showbrand=true&captions=false&interactivity=all
PLACEHOLDER,m3-lesson-1-micro-1-3__m03-l1-ml-3-4.html,M3 Lesson 1 - Micro 1.3,iframe,Micro-Learning 1.3 video: Capturing Good Training Data,,,https://stevens.hosted.panopto.com/Panopto/Pages/Embed.aspx?id=PLACEHOLDER&autoplay=false&offerviewer=true&showtitle=true&showbrand=true&captions=false&interactivity=all
PLACEHOLDER,m3-lesson-1-micro-1-3__m03-l1-ml-3-5.html,M3 Lesson 1 - Micro 1.3,iframe,Micro-Learning 1.3 video: Capturing Good Training Data,,,https://stevens.hosted.panopto.com/Panopto/Pages/Embed.aspx?id=PLACEHOLDER&autoplay=false&offerviewer=true&showtitle=true&showbrand=true&captions=false&interactivity=all
PLACEHOLDER,m3-lesson-1-micro-1-3__m03-l1-ml-3-6.html,M3 Lesson 1 - Micro 1.3,iframe,Micro-Learning 1.3 video: Capturing Good Training Data,,,https://stevens.hosted.panopto.com/Panopto/Pages/Embed.aspx?id=PLACEHOLDER&autoplay=false&offerviewer=true&showtitle=true&showbrand=true&captions=false&interactivity=all
PLACEHOLDER,m3-lesson-1-micro-1-3__m03-l1-ml-3-7.html,M3 Lesson 1 - Micro 1.3,iframe,Micro-Learning 1.3 video: Capturing Good Training Data,,,https://stevens.hosted.panopto.com/Panopto/Pages/Embed.aspx?id=PLACEHOLDER&autoplay=false&offerviewer=true&showtitle=true&showbrand=true&captions=false&interactivity=all
PLACEHOLDER,m3-lesson-1-micro-1-3__m03-l1-ml-3.html,M3 Lesson 1 - Micro 1.3,iframe,Micro-Learning 1.3 video: Capturing Good Training Data,,,https://stevens.hosted.panopto.com/Panopto/Pages/Embed.aspx?id=PLACEHOLDER&autoplay=false&offerviewer=true&showtitle=true&showbrand=true&captions=false&interactivity=all
PLACEHOLDER,m3-lesson-1__m03-l1-2.html,M3 Lesson 1,iframe,Lesson 1 video: What Is a Classifier? What Is a Sprint?,,,https://stevens.hosted.panopto.com/Panopto/Pages/Embed.aspx?id=PLACEHOLDER&autoplay=false&offerviewer=true&showtitle=true&showbrand=true&captions=false&interactivity=all
PLACEHOLDER,m3-lesson-1__m03-l1-2.html,M3 Lesson 1,link,open the Lesson 1 video in Panopto,,,https://stevens.hosted.panopto.com/Panopto/Pages/Viewer.aspx?id=PLACEHOLDER
PLACEHOLDER,m3-lesson-1__m03-l1-3.html,M3 Lesson 1,iframe,Lesson 1 video: What Is a Classifier? What Is a Sprint?,,,https://stevens.hosted.panopto.com/Panopto/Pages/Embed.aspx?id=PLACEHOLDER&autoplay=false&offerviewer=true&showtitle=true&showbrand=true&captions=false&interactivity=all
PLACEHOLDER,m3-lesson-1__m03-l1-3.html,M3 Lesson 1,link,open the Lesson 1 video in Panopto,,,https://stevens.hosted.panopto.com/Panopto/Pages/Viewer.aspx?id=PLACEHOLDER
PLACEHOLDER,m3-lesson-1__m03-l1-4.html,M3 Lesson 1,iframe,Lesson 1 video: What Is a Classifier? What Is a Sprint?,,,https://stevens.hosted.panopto.com/Panopto/Pages/Embed.aspx?id=PLACEHOLDER&autoplay=false&offerviewer=true&showtitle=true&showbrand=true&captions=false&interactivity=all
PLACEHOLDER,m3-lesson-1__m03-l1-4.html,M3 Lesson 1,link,open the Lesson 1 video in Panopto,,,https://stevens.hosted.panopto.com/Panopto/Pages/Viewer.aspx?id=PLACEHOLDER
PLACEHOLDER,m3-lesson-1__m03-l1-5.html,M3 Lesson 1,iframe,Lesson 1 video: What Is a Classifier? What Is a Sprint?,,,https://stevens.hosted.panopto.com/Panopto/Pages/Embed.aspx?id=PLACEHOLDER&autoplay=false&offerviewer=true&showtitle=true&showbrand=true&captions=false&interactivity=all
PLACEHOLDER,m3-lesson-1__m03-l1-5.html,M3 Lesson 1,link,open the Lesson 1 video in Panopto,,,https://stevens.hosted.panopto.com/Panopto/Pages/Viewer.aspx?id=PLACEHOLDER
PLACEHOLDER,m3-lesson-1__m03-l1-6.html,M3 Lesson 1,iframe,Lesson 1 video: What Is a Classifier? What Is a Sprint?,,,https://stevens.hosted.panopto.com/Panopto/Pages/Embed.aspx?id=PLACEHOLDER&autoplay=false&offerviewer=true&showtitle=true&showbrand=true&captions=false&interactivity=all
PLACEHOLDER,m3-lesson-1__m03-l1-6.html,M3 Lesson 1,link,open the Lesson 1 video in Panopto,,,https://stevens.hosted.panopto.com/Panopto/Pages/Viewer.aspx?id=PLACEHOLDER
PLACEHOLDER,m3-lesson-1__m03-l1-7.html,M3 Lesson 1,iframe,Lesson 1 video: What Is a Classifier? What Is a Sprint?,,,https://stevens.hosted.panopto.com/Panopto/Pages/Embed.aspx?id=PLACEHOLDER&autoplay=false&offerviewer=true&showtitle=true&showbrand=true&captions=false&interactivity=all
PLACEHOLDER,m3-lesson-1__m03-l1-7.html,M3 Lesson 1,link,open the Lesson 1 video in Panopto,,,https://stevens.hosted.panopto.com/Panopto/Pages/Viewer.aspx?id=PLACEHOLDER
PLACEHOLDER,m3-lesson-1__m03-l1.html,M3 Lesson 1,iframe,Lesson 1 video: What Is a Classifier? What Is a Sprint?,,,https://stevens.hosted.panopto.com/Panopto/Pages/Embed.aspx?id=PLACEHOLDER&autoplay=false&offerviewer=true&showtitle=true&showbrand=true&captions=false&interactivity=all
PLACEHOLDER,m3-lesson-1__m03-l1.html,M3 Lesson 1,link,open the Lesson 1 video in Panopto,,,https://stevens.hosted.panopto.com/Panopto/Pages/Viewer.aspx?id=PLACEHOLDER
PLACEHOLDER,m3-lesson-2-micro-2-1__m03-l2-ml-1-2.html,M3 Lesson 2 - Micro 2.1,iframe,Micro-Learning 2.1 video: Picking a 2-Class Problem Worth Solving,,,https://stevens.hosted.panopto.com/Panopto/Pages/Embed.aspx?id=PLACEHOLDER&autoplay=false&offerviewer=true&showtitle=true&showbrand=true&captions=false&interactivity=all
PLACEHOLDER,m3-lesson-2-micro-2-1__m03-l2-ml-1-3.html,M3 Lesson 2 - Micro 2.1,iframe,Micro-Learning 2.1 video: Picking a 2-Class Problem Worth Solving,,,https://stevens.hosted.panopto.com/Panopto/Pages/Embed.aspx?id=PLACEHOLDER&autoplay=false&offerviewer=true&showtitle=true&showbrand=true&captions=false&interactivity=all
PLACEHOLDER,m3-lesson-2-micro-2-1__m03-l2-ml-1-4.html,M3 Lesson 2 - Micro 2.1,iframe,Micro-Learning 2.1 video: Picking a 2-Class Problem Worth Solving,,,https://stevens.hosted.panopto.com/Panopto/Pages/Embed.aspx?id=PLACEHOLDER&autoplay=false&offerviewer=true&showtitle=true&showbrand=true&captions=false&interactivity=all
PLACEHOLDER,m3-lesson-2-micro-2-1__m03-l2-ml-1-5.html,M3 Lesson 2 - Micro 2.1,iframe,Micro-Learning 2.1 video: Picking a 2-Class Problem Worth Solving,,,https://stevens.hosted.panopto.com/Panopto/Pages/Embed.aspx?id=PLACEHOLDER&autoplay=false&offerviewer=true&showtitle=true&showbrand=true&captions=false&interactivity=all
PLACEHOLDER,m3-lesson-2-micro-2-1__m03-l2-ml-1-6.html,M3 Lesson 2 - Micro 2.1,iframe,Micro-Learning 2.1 video: Picking a 2-Class Problem Worth Solving,,,https://stevens.hosted.panopto.com/Panopto/Pages/Embed.aspx?id=PLACEHOLDER&autoplay=false&offerviewer=true&showtitle=true&showbrand=true&captions=false&interactivity=all
PLACEHOLDER,m3-lesson-2-micro-2-1__m03-l2-ml-1-6.html,M3 Lesson 2 - Micro 2.1,link,open it in Panopto,,,https://stevens.hosted.panopto.com/Panopto/Pages/Viewer.aspx?id=PLACEHOLDER
PLACEHOLDER,m3-lesson-2-micro-2-1__m03-l2-ml-1-7.html,M3 Lesson 2 - Micro 2.1,iframe,Micro-Learning 2.1 video: Picking a 2-Class Problem Worth Solving,,,https://stevens.hosted.panopto.com/Panopto/Pages/Embed.aspx?id=PLACEHOLDER&autoplay=false&offerviewer=true&showtitle=true&showbrand=true&captions=false&interactivity=all
PLACEHOLDER,m3-lesson-2-micro-2-1__m03-l2-ml-1-7.html,M3 Lesson 2 - Micro 2.1,link,open it in Panopto,,,https://stevens.hosted.panopto.com/Panopto/Pages/Viewer.aspx?id=PLACEHOLDER
PLACEHOLDER,m3-lesson-2-micro-2-1__m03-l2-ml-1.html,M3 Lesson 2 - Micro 2.1,iframe,Micro-Learning 2.1 video: Picking a 2-Class Problem Worth Solving,,,https://stevens.hosted.panopto.com/Panopto/Pages/Embed.aspx?id=PLACEHOLDER&autoplay=false&offerviewer=true&showtitle=true&showbrand=true&captions=false&interactivity=all
PLACEHOLDER,m3-lesson-2-micro-2-2__m03-l2-ml-2-2.html,M3 Lesson 2 - Micro 2.2,iframe,Micro-Learning 2.2 video: Sample Balance and Sample Variety,,,https://stevens.hosted.panopto.com/Panopto/Pages/Embed.aspx?id=PLACEHOLDER&autoplay=false&offerviewer=true&showtitle=true&showbrand=true&captions=false&interactivity=all
PLACEHOLDER,m3-lesson-2-micro-2-2__m03-l2-ml-2-3.html,M3 Lesson 2 - Micro 2.2,iframe,Micro-Learning 2.2 video: Sample Balance and Sample Variety,,,https://stevens.hosted.panopto.com/Panopto/Pages/Embed.aspx?id=PLACEHOLDER&autoplay=false&offerviewer=true&showtitle=true&showbrand=true&captions=false&interactivity=all
PLACEHOLDER,m3-lesson-2-micro-2-2__m03-l2-ml-2-4.html,M3 Lesson 2 - Micro 2.2,iframe,Micro-Learning 2.2 video: Sample Balance and Sample Variety,,,https://stevens.hosted.panopto.com/Panopto/Pages/Embed.aspx?id=PLACEHOLDER&autoplay=false&offerviewer=true&showtitle=true&showbrand=true&captions=false&interactivity=all
PLACEHOLDER,m3-lesson-2-micro-2-2__m03-l2-ml-2-5.html,M3 Lesson 2 - Micro 2.2,iframe,Micro-Learning 2.2 video: Sample Balance and Sample Variety,,,https://stevens.hosted.panopto.com/Panopto/Pages/Embed.aspx?id=PLACEHOLDER&autoplay=false&offerviewer=true&showtitle=true&showbrand=true&captions=false&interactivity=all
PLACEHOLDER,m3-lesson-2-micro-2-2__m03-l2-ml-2-6.html,M3 Lesson 2 - Micro 2.2,iframe,Micro-Learning 2.2 video: Sample Balance and Sample Variety,,,https://stevens.hosted.panopto.com/Panopto/Pages/Embed.aspx?id=PLACEHOLDER&autoplay=false&offerviewer=true&showtitle=true&showbrand=true&captions=false&interactivity=all
PLACEHOLDER,m3-lesson-2-micro-2-2__m03-l2-ml-2-7.html,M3 Lesson 2 - Micro 2.2,iframe,Micro-Learning 2.2 video: Sample Balance and Sample Variety,,,https://stevens.hosted.panopto.com/Panopto/Pages/Embed.aspx?id=PLACEHOLDER&autoplay=false&offerviewer=true&showtitle=true&showbrand=true&captions=false&interactivity=all
PLACEHOLDER,m3-lesson-2-micro-2-2__m03-l2-ml-2.html,M3 Lesson 2 - Micro 2.2,iframe,Micro-Learning 2.2 video: Sample Balance and Sample Variety,,,https://stevens.hosted.panopto.com/Panopto/Pages/Embed.aspx?id=PLACEHOLDER&autoplay=false&offerviewer=true&showtitle=true&showbrand=true&captions=false&interactivity=all
PLACEHOLDER,m3-lesson-2-micro-2-3__m03-l2-ml-3-2.html,M3 Lesson 2 - Micro 2.3,iframe,"Micro-Learning 2.3 video: Training, Exporting, and Saving Your Model",,,https://stevens.hosted.panopto.com/Panopto/Pages/Embed.aspx?id=PLACEHOLDER&autoplay=false&offerviewer=true&showtitle=true&showbrand=true&captions=false&interactivity=all
PLACEHOLDER,m3-lesson-2-micro-2-3__m03-l2-ml-3-3.html,M3 Lesson 2 - Micro 2.3,iframe,"Micro-Learning 2.3 video: Training, Exporting, and Saving Your Model",,,https://stevens.hosted.panopto.com/Panopto/Pages/Embed.aspx?id=PLACEHOLDER&autoplay=false&offerviewer=true&showtitle=true&showbrand=true&captions=false&interactivity=all
PLACEHOLDER,m3-lesson-2-micro-2-3__m03-l2-ml-3-4.html,M3 Lesson 2 - Micro 2.3,iframe,"Micro-Learning 2.3 video: Training, Exporting, and Saving Your Model",,,https://stevens.hosted.panopto.com/Panopto/Pages/Embed.aspx?id=PLACEHOLDER&autoplay=false&offerviewer=true&showtitle=true&showbrand=true&captions=false&interactivity=all
PLACEHOLDER,m3-lesson-2-micro-2-3__m03-l2-ml-3-5.html,M3 Lesson 2 - Micro 2.3,iframe,"Micro-Learning 2.3 video: Training, Exporting, and Saving Your Model",,,https://stevens.hosted.panopto.com/Panopto/Pages/Embed.aspx?id=PLACEHOLDER&autoplay=false&offerviewer=true&showtitle=true&showbrand=true&captions=false&interactivity=all
PLACEHOLDER,m3-lesson-2-micro-2-3__m03-l2-ml-3-6.html,M3 Lesson 2 - Micro 2.3,iframe,"Micro-Learning 2.3 video: Training, Exporting, and Saving Your Model",,,https://stevens.hosted.panopto.com/Panopto/Pages/Embed.aspx?id=PLACEHOLDER&autoplay=false&offerviewer=true&showtitle=true&showbrand=true&captions=false&interactivity=all
PLACEHOLDER,m3-lesson-2-micro-2-3__m03-l2-ml-3-6.html,M3 Lesson 2 - Micro 2.3,link,open it in Panopto,,,https://stevens.hosted.panopto.com/Panopto/Pages/Viewer.aspx?id=PLACEHOLDER
PLACEHOLDER,m3-lesson-2-micro-2-3__m03-l2-ml-3-7.html,M3 Lesson 2 - Micro 2.3,iframe,"Micro-Learning 2.3 video: Training, Exporting, and Saving Your Model",,,https://stevens.hosted.panopto.com/Panopto/Pages/Embed.aspx?id=PLACEHOLDER&autoplay=false&offerviewer=true&showtitle=true&showbrand=true&captions=false&interactivity=all
PLACEHOLDER,m3-lesson-2-micro-2-3__m03-l2-ml-3-7.html,M3 Lesson 2 - Micro 2.3,link,open it in Panopto,,,https://stevens.hosted.panopto.com/Panopto/Pages/Viewer.aspx?id=PLACEHOLDER
PLACEHOLDER,m3-lesson-2-micro-2-3__m03-l2-ml-3.html,M3 Lesson 2 - Micro 2.3,iframe,"Micro-Learning 2.3 video: Training, Exporting, and Saving Your Model",,,https://stevens.hosted.panopto.com/Panopto/Pages/Embed.aspx?id=PLACEHOLDER&autoplay=false&offerviewer=true&showtitle=true&showbrand=true&captions=false&interactivity=all
PLACEHOLDER,m3-lesson-2__m03-l2-2.html,M3 Lesson 2,iframe,Lesson 2 video: Pick the Problem. Capture the Data. Save the Model.,,,https://stevens.hosted.panopto.com/Panopto/Pages/Embed.aspx?id=PLACEHOLDER&autoplay=false&offerviewer=true&showtitle=true&showbrand=true&captions=false&interactivity=all
PLACEHOLDER,m3-lesson-2__m03-l2-2.html,M3 Lesson 2,link,open the Lesson 2 video in Panopto,,,https://stevens.hosted.panopto.com/Panopto/Pages/Viewer.aspx?id=PLACEHOLDER
PLACEHOLDER,m3-lesson-2__m03-l2-3.html,M3 Lesson 2,iframe,Lesson 2 video: Pick the Problem. Capture the Data. Save the Model.,,,https://stevens.hosted.panopto.com/Panopto/Pages/Embed.aspx?id=PLACEHOLDER&autoplay=false&offerviewer=true&showtitle=true&showbrand=true&captions=false&interactivity=all
PLACEHOLDER,m3-lesson-2__m03-l2-3.html,M3 Lesson 2,link,open the Lesson 2 video in Panopto,,,https://stevens.hosted.panopto.com/Panopto/Pages/Viewer.aspx?id=PLACEHOLDER
PLACEHOLDER,m3-lesson-2__m03-l2-4.html,M3 Lesson 2,iframe,Lesson 2 video: Pick the Problem. Capture the Data. Save the Model.,,,https://stevens.hosted.panopto.com/Panopto/Pages/Embed.aspx?id=PLACEHOLDER&autoplay=false&offerviewer=true&showtitle=true&showbrand=true&captions=false&interactivity=all
PLACEHOLDER,m3-lesson-2__m03-l2-4.html,M3 Lesson 2,link,open the Lesson 2 video in Panopto,,,https://stevens.hosted.panopto.com/Panopto/Pages/Viewer.aspx?id=PLACEHOLDER
PLACEHOLDER,m3-lesson-2__m03-l2-5.html,M3 Lesson 2,iframe,Lesson 2 video: Pick the Problem. Capture the Data. Save the Model.,,,https://stevens.hosted.panopto.com/Panopto/Pages/Embed.aspx?id=PLACEHOLDER&autoplay=false&offerviewer=true&showtitle=true&showbrand=true&captions=false&interactivity=all
PLACEHOLDER,m3-lesson-2__m03-l2-5.html,M3 Lesson 2,link,open the Lesson 2 video in Panopto,,,https://stevens.hosted.panopto.com/Panopto/Pages/Viewer.aspx?id=PLACEHOLDER
PLACEHOLDER,m3-lesson-2__m03-l2-6.html,M3 Lesson 2,iframe,Lesson 2 video: Pick the Problem. Capture the Data. Save the Model.,,,https://stevens.hosted.panopto.com/Panopto/Pages/Embed.aspx?id=PLACEHOLDER&autoplay=false&offerviewer=true&showtitle=true&showbrand=true&captions=false&interactivity=all
PLACEHOLDER,m3-lesson-2__m03-l2-6.html,M3 Lesson 2,link,open the Lesson 2 video in Panopto,,,https://stevens.hosted.panopto.com/Panopto/Pages/Viewer.aspx?id=PLACEHOLDER
PLACEHOLDER,m3-lesson-2__m03-l2-7.html,M3 Lesson 2,iframe,Lesson 2 video: Pick the Problem. Capture the Data. Save the Model.,,,https://stevens.hosted.panopto.com/Panopto/Pages/Embed.aspx?id=PLACEHOLDER&autoplay=false&offerviewer=true&showtitle=true&showbrand=true&captions=false&interactivity=all
PLACEHOLDER,m3-lesson-2__m03-l2-7.html,M3 Lesson 2,link,open the Lesson 2 video in Panopto,,,https://stevens.hosted.panopto.com/Panopto/Pages/Viewer.aspx?id=PLACEHOLDER
PLACEHOLDER,m3-lesson-2__m03-l2.html,M3 Lesson 2,iframe,Lesson 2 video: Pick the Problem. Capture the Data. Save the Model.,,,https://stevens.hosted.panopto.com/Panopto/Pages/Embed.aspx?id=PLACEHOLDER&autoplay=false&offerviewer=true&showtitle=true&showbrand=true&captions=false&interactivity=all
PLACEHOLDER,m3-lesson-2__m03-l2.html,M3 Lesson 2,link,open the Lesson 2 video in Panopto,,,https://stevens.hosted.panopto.com/Panopto/Pages/Viewer.aspx?id=PLACEHOLDER
PLACEHOLDER,m3-lesson-3-micro-3-1__m03-l3-ml-1-2.html,M3 Lesson 3 - Micro 3.1,iframe,Micro-Learning 3.1 video: False Positives and False Negatives,,,https://stevens.hosted.panopto.com/Panopto/Pages/Embed.aspx?id=PLACEHOLDER&autoplay=false&offerviewer=true&showtitle=true&showbrand=true&captions=false&interactivity=all
PLACEHOLDER,m3-lesson-3-micro-3-1__m03-l3-ml-1-3.html,M3 Lesson 3 - Micro 3.1,iframe,Micro-Learning 3.1 video: False Positives and False Negatives,,,https://stevens.hosted.panopto.com/Panopto/Pages/Embed.aspx?id=PLACEHOLDER&autoplay=false&offerviewer=true&showtitle=true&showbrand=true&captions=false&interactivity=all
PLACEHOLDER,m3-lesson-3-micro-3-1__m03-l3-ml-1-4.html,M3 Lesson 3 - Micro 3.1,iframe,Micro-Learning 3.1 video: False Positives and False Negatives,,,https://stevens.hosted.panopto.com/Panopto/Pages/Embed.aspx?id=PLACEHOLDER&autoplay=false&offerviewer=true&showtitle=true&showbrand=true&captions=false&interactivity=all
PLACEHOLDER,m3-lesson-3-micro-3-1__m03-l3-ml-1-5.html,M3 Lesson 3 - Micro 3.1,iframe,Micro-Learning 3.1 video: False Positives and False Negatives,,,https://stevens.hosted.panopto.com/Panopto/Pages/Embed.aspx?id=PLACEHOLDER&autoplay=false&offerviewer=true&showtitle=true&showbrand=true&captions=false&interactivity=all
PLACEHOLDER,m3-lesson-3-micro-3-1__m03-l3-ml-1-6.html,M3 Lesson 3 - Micro 3.1,iframe,Micro-Learning 3.1 video: False Positives and False Negatives,,,https://stevens.hosted.panopto.com/Panopto/Pages/Embed.aspx?id=PLACEHOLDER&autoplay=false&offerviewer=true&showtitle=true&showbrand=true&captions=false&interactivity=all
PLACEHOLDER,m3-lesson-3-micro-3-1__m03-l3-ml-1-7.html,M3 Lesson 3 - Micro 3.1,iframe,Micro-Learning 3.1 video: False Positives and False Negatives,,,https://stevens.hosted.panopto.com/Panopto/Pages/Embed.aspx?id=PLACEHOLDER&autoplay=false&offerviewer=true&showtitle=true&showbrand=true&captions=false&interactivity=all
PLACEHOLDER,m3-lesson-3-micro-3-1__m03-l3-ml-1.html,M3 Lesson 3 - Micro 3.1,iframe,Micro-Learning 3.1 video: False Positives and False Negatives,,,https://stevens.hosted.panopto.com/Panopto/Pages/Embed.aspx?id=PLACEHOLDER&autoplay=false&offerviewer=true&showtitle=true&showbrand=true&captions=false&interactivity=all
PLACEHOLDER,m3-lesson-3-micro-3-2__m03-l3-ml-2-2.html,M3 Lesson 3 - Micro 3.2,iframe,Micro-Learning 3.2 video: Confusion Matrix in Plain English,,,https://stevens.hosted.panopto.com/Panopto/Pages/Embed.aspx?id=PLACEHOLDER&autoplay=false&offerviewer=true&showtitle=true&showbrand=true&captions=false&interactivity=all
PLACEHOLDER,m3-lesson-3-micro-3-2__m03-l3-ml-2-3.html,M3 Lesson 3 - Micro 3.2,iframe,Micro-Learning 3.2 video: Confusion Matrix in Plain English,,,https://stevens.hosted.panopto.com/Panopto/Pages/Embed.aspx?id=PLACEHOLDER&autoplay=false&offerviewer=true&showtitle=true&showbrand=true&captions=false&interactivity=all
PLACEHOLDER,m3-lesson-3-micro-3-2__m03-l3-ml-2-4.html,M3 Lesson 3 - Micro 3.2,iframe,Micro-Learning 3.2 video: Confusion Matrix in Plain English,,,https://stevens.hosted.panopto.com/Panopto/Pages/Embed.aspx?id=PLACEHOLDER&autoplay=false&offerviewer=true&showtitle=true&showbrand=true&captions=false&interactivity=all
PLACEHOLDER,m3-lesson-3-micro-3-2__m03-l3-ml-2-5.html,M3 Lesson 3 - Micro 3.2,iframe,Micro-Learning 3.2 video: Confusion Matrix in Plain English,,,https://stevens.hosted.panopto.com/Panopto/Pages/Embed.aspx?id=PLACEHOLDER&autoplay=false&offerviewer=true&showtitle=true&showbrand=true&captions=false&interactivity=all
PLACEHOLDER,m3-lesson-3-micro-3-2__m03-l3-ml-2-6.html,M3 Lesson 3 - Micro 3.2,iframe,Micro-Learning 3.2 video: Confusion Matrix in Plain English,,,https://stevens.hosted.panopto.com/Panopto/Pages/Embed.aspx?id=PLACEHOLDER&autoplay=false&offerviewer=true&showtitle=true&showbrand=true&captions=false&interactivity=all
PLACEHOLDER,m3-lesson-3-micro-3-2__m03-l3-ml-2-6.html,M3 Lesson 3 - Micro 3.2,link,open it in Panopto,,,https://stevens.hosted.panopto.com/Panopto/Pages/Viewer.aspx?id=PLACEHOLDER
PLACEHOLDER,m3-lesson-3-micro-3-2__m03-l3-ml-2-7.html,M3 Lesson 3 - Micro 3.2,iframe,Micro-Learning 3.2 video: Confusion Matrix in Plain English,,,https://stevens.hosted.panopto.com/Panopto/Pages/Embed.aspx?id=PLACEHOLDER&autoplay=false&offerviewer=true&showtitle=true&showbrand=true&captions=false&interactivity=all
PLACEHOLDER,m3-lesson-3-micro-3-2__m03-l3-ml-2-7.html,M3 Lesson 3 - Micro 3.2,link,open it in Panopto,,,https://stevens.hosted.panopto.com/Panopto/Pages/Viewer.aspx?id=PLACEHOLDER
PLACEHOLDER,m3-lesson-3-micro-3-2__m03-l3-ml-2.html,M3 Lesson 3 - Micro 3.2,iframe,Micro-Learning 3.2 video: Confusion Matrix in Plain English,,,https://stevens.hosted.panopto.com/Panopto/Pages/Embed.aspx?id=PLACEHOLDER&autoplay=false&offerviewer=true&showtitle=true&showbrand=true&captions=false&interactivity=all
PLACEHOLDER,m3-lesson-3-micro-3-3__m03-l3-ml-3-2.html,M3 Lesson 3 - Micro 3.3,iframe,Micro-Learning 3.3 video: Reading Confidence Scores,,,https://stevens.hosted.panopto.com/Panopto/Pages/Embed.aspx?id=PLACEHOLDER&autoplay=false&offerviewer=true&showtitle=true&showbrand=true&captions=false&interactivity=all
PLACEHOLDER,m3-lesson-3-micro-3-3__m03-l3-ml-3-3.html,M3 Lesson 3 - Micro 3.3,iframe,Micro-Learning 3.3 video: Reading Confidence Scores,,,https://stevens.hosted.panopto.com/Panopto/Pages/Embed.aspx?id=PLACEHOLDER&autoplay=false&offerviewer=true&showtitle=true&showbrand=true&captions=false&interactivity=all
PLACEHOLDER,m3-lesson-3-micro-3-3__m03-l3-ml-3-4.html,M3 Lesson 3 - Micro 3.3,iframe,Micro-Learning 3.3 video: Reading Confidence Scores,,,https://stevens.hosted.panopto.com/Panopto/Pages/Embed.aspx?id=PLACEHOLDER&autoplay=false&offerviewer=true&showtitle=true&showbrand=true&captions=false&interactivity=all
PLACEHOLDER,m3-lesson-3-micro-3-3__m03-l3-ml-3-5.html,M3 Lesson 3 - Micro 3.3,iframe,Micro-Learning 3.3 video: Reading Confidence Scores,,,https://stevens.hosted.panopto.com/Panopto/Pages/Embed.aspx?id=PLACEHOLDER&autoplay=false&offerviewer=true&showtitle=true&showbrand=true&captions=false&interactivity=all
PLACEHOLDER,m3-lesson-3-micro-3-3__m03-l3-ml-3-6.html,M3 Lesson 3 - Micro 3.3,iframe,Micro-Learning 3.3 video: Reading Confidence Scores,,,https://stevens.hosted.panopto.com/Panopto/Pages/Embed.aspx?id=PLACEHOLDER&autoplay=false&offerviewer=true&showtitle=true&showbrand=true&captions=false&interactivity=all
PLACEHOLDER,m3-lesson-3-micro-3-3__m03-l3-ml-3-6.html,M3 Lesson 3 - Micro 3.3,link,open it in Panopto,,,https://stevens.hosted.panopto.com/Panopto/Pages/Viewer.aspx?id=PLACEHOLDER
PLACEHOLDER,m3-lesson-3-micro-3-3__m03-l3-ml-3-7.html,M3 Lesson 3 - Micro 3.3,iframe,Micro-Learning 3.3 video: Reading Confidence Scores,,,https://stevens.hosted.panopto.com/Panopto/Pages/Embed.aspx?id=PLACEHOLDER&autoplay=false&offerviewer=true&showtitle=true&showbrand=true&captions=false&interactivity=all
PLACEHOLDER,m3-lesson-3-micro-3-3__m03-l3-ml-3-7.html,M3 Lesson 3 - Micro 3.3,link,open it in Panopto,,,https://stevens.hosted.panopto.com/Panopto/Pages/Viewer.aspx?id=PLACEHOLDER
PLACEHOLDER,m3-lesson-3-micro-3-3__m03-l3-ml-3.html,M3 Lesson 3 - Micro 3.3,iframe,Micro-Learning 3.3 video: Reading Confidence Scores,,,https://stevens.hosted.panopto.com/Panopto/Pages/Embed.aspx?id=PLACEHOLDER&autoplay=false&offerviewer=true&showtitle=true&showbrand=true&captions=false&interactivity=all
PLACEHOLDER,m3-lesson-3__m03-l3-2.html,M3 Lesson 3,iframe,Lesson 3 video: Test Honestly. Read the Matrix. Find the Pattern.,,,https://stevens.hosted.panopto.com/Panopto/Pages/Embed.aspx?id=PLACEHOLDER&autoplay=false&offerviewer=true&showtitle=true&showbrand=true&captions=false&interactivity=all
PLACEHOLDER,m3-lesson-3__m03-l3-2.html,M3 Lesson 3,link,open the Lesson 3 video in Panopto,,,https://stevens.hosted.panopto.com/Panopto/Pages/Viewer.aspx?id=PLACEHOLDER
PLACEHOLDER,m3-lesson-3__m03-l3-3.html,M3 Lesson 3,iframe,Lesson 3 video: Test Honestly. Read the Matrix. Find the Pattern.,,,https://stevens.hosted.panopto.com/Panopto/Pages/Embed.aspx?id=PLACEHOLDER&autoplay=false&offerviewer=true&showtitle=true&showbrand=true&captions=false&interactivity=all
PLACEHOLDER,m3-lesson-3__m03-l3-3.html,M3 Lesson 3,link,open the Lesson 3 video in Panopto,,,https://stevens.hosted.panopto.com/Panopto/Pages/Viewer.aspx?id=PLACEHOLDER
PLACEHOLDER,m3-lesson-3__m03-l3-4.html,M3 Lesson 3,iframe,Lesson 3 video: Test Honestly. Read the Matrix. Find the Pattern.,,,https://stevens.hosted.panopto.com/Panopto/Pages/Embed.aspx?id=PLACEHOLDER&autoplay=false&offerviewer=true&showtitle=true&showbrand=true&captions=false&interactivity=all
PLACEHOLDER,m3-lesson-3__m03-l3-4.html,M3 Lesson 3,link,open the Lesson 3 video in Panopto,,,https://stevens.hosted.panopto.com/Panopto/Pages/Viewer.aspx?id=PLACEHOLDER
PLACEHOLDER,m3-lesson-3__m03-l3-5.html,M3 Lesson 3,iframe,Lesson 3 video: Test Honestly. Read the Matrix. Find the Pattern.,,,https://stevens.hosted.panopto.com/Panopto/Pages/Embed.aspx?id=PLACEHOLDER&autoplay=false&offerviewer=true&showtitle=true&showbrand=true&captions=false&interactivity=all
PLACEHOLDER,m3-lesson-3__m03-l3-5.html,M3 Lesson 3,link,open the Lesson 3 video in Panopto,,,https://stevens.hosted.panopto.com/Panopto/Pages/Viewer.aspx?id=PLACEHOLDER
PLACEHOLDER,m3-lesson-3__m03-l3-6.html,M3 Lesson 3,iframe,Lesson 3 video: Test Honestly. Read the Matrix. Find the Pattern.,,,https://stevens.hosted.panopto.com/Panopto/Pages/Embed.aspx?id=PLACEHOLDER&autoplay=false&offerviewer=true&showtitle=true&showbrand=true&captions=false&interactivity=all
PLACEHOLDER,m3-lesson-3__m03-l3-6.html,M3 Lesson 3,link,open the Lesson 3 video in Panopto,,,https://stevens.hosted.panopto.com/Panopto/Pages/Viewer.aspx?id=PLACEHOLDER
PLACEHOLDER,m3-lesson-3__m03-l3-7.html,M3 Lesson 3,iframe,Lesson 3 video: Test Honestly. Read the Matrix. Find the Pattern.,,,https://stevens.hosted.panopto.com/Panopto/Pages/Embed.aspx?id=PLACEHOLDER&autoplay=false&offerviewer=true&showtitle=true&showbrand=true&captions=false&interactivity=all
PLACEHOLDER,m3-lesson-3__m03-l3-7.html,M3 Lesson 3,link,open the Lesson 3 video in Panopto,,,https://stevens.hosted.panopto.com/Panopto/Pages/Viewer.aspx?id=PLACEHOLDER
PLACEHOLDER,m3-lesson-3__m03-l3.html,M3 Lesson 3,iframe,Lesson 3 video: Test Honestly. Read the Matrix. Find the Pattern.,,,https://stevens.hosted.panopto.com/Panopto/Pages/Embed.aspx?id=PLACEHOLDER&autoplay=false&offerviewer=true&showtitle=true&showbrand=true&captions=false&interactivity=all
PLACEHOLDER,m3-lesson-3__m03-l3.html,M3 Lesson 3,link,open the Lesson 3 video in Panopto,,,https://stevens.hosted.panopto.com/Panopto/Pages/Viewer.aspx?id=PLACEHOLDER
PLACEHOLDER,m3-lesson-4-micro-4-1__m03-l4-ml-1-2.html,M3 Lesson 4 - Micro 4.1,iframe,Micro-Learning 4.1 video: When Is a Model 'Good Enough'?,,,https://stevens.hosted.panopto.com/Panopto/Pages/Embed.aspx?id=PLACEHOLDER&autoplay=false&offerviewer=true&showtitle=true&showbrand=true&captions=false&interactivity=all
PLACEHOLDER,m3-lesson-4-micro-4-1__m03-l4-ml-1-3.html,M3 Lesson 4 - Micro 4.1,iframe,Micro-Learning 4.1 video: When Is a Model 'Good Enough'?,,,https://stevens.hosted.panopto.com/Panopto/Pages/Embed.aspx?id=PLACEHOLDER&autoplay=false&offerviewer=true&showtitle=true&showbrand=true&captions=false&interactivity=all
PLACEHOLDER,m3-lesson-4-micro-4-1__m03-l4-ml-1-4.html,M3 Lesson 4 - Micro 4.1,iframe,Micro-Learning 4.1 video: When Is a Model 'Good Enough'?,,,https://stevens.hosted.panopto.com/Panopto/Pages/Embed.aspx?id=PLACEHOLDER&autoplay=false&offerviewer=true&showtitle=true&showbrand=true&captions=false&interactivity=all
PLACEHOLDER,m3-lesson-4-micro-4-1__m03-l4-ml-1-5.html,M3 Lesson 4 - Micro 4.1,iframe,Micro-Learning 4.1 video: When Is a Model 'Good Enough'?,,,https://stevens.hosted.panopto.com/Panopto/Pages/Embed.aspx?id=PLACEHOLDER&autoplay=false&offerviewer=true&showtitle=true&showbrand=true&captions=false&interactivity=all
PLACEHOLDER,m3-lesson-4-micro-4-1__m03-l4-ml-1-6.html,M3 Lesson 4 - Micro 4.1,iframe,Micro-Learning 4.1 video: When Is a Model 'Good Enough'?,,,https://stevens.hosted.panopto.com/Panopto/Pages/Embed.aspx?id=PLACEHOLDER&autoplay=false&offerviewer=true&showtitle=true&showbrand=true&captions=false&interactivity=all
PLACEHOLDER,m3-lesson-4-micro-4-1__m03-l4-ml-1-6.html,M3 Lesson 4 - Micro 4.1,link,open it in Panopto,,,https://stevens.hosted.panopto.com/Panopto/Pages/Viewer.aspx?id=PLACEHOLDER
PLACEHOLDER,m3-lesson-4-micro-4-1__m03-l4-ml-1-7.html,M3 Lesson 4 - Micro 4.1,iframe,Micro-Learning 4.1 video: When Is a Model 'Good Enough'?,,,https://stevens.hosted.panopto.com/Panopto/Pages/Embed.aspx?id=PLACEHOLDER&autoplay=false&offerviewer=true&showtitle=true&showbrand=true&captions=false&interactivity=all
PLACEHOLDER,m3-lesson-4-micro-4-1__m03-l4-ml-1-7.html,M3 Lesson 4 - Micro 4.1,link,open it in Panopto,,,https://stevens.hosted.panopto.com/Panopto/Pages/Viewer.aspx?id=PLACEHOLDER
PLACEHOLDER,m3-lesson-4-micro-4-1__m03-l4-ml-1.html,M3 Lesson 4 - Micro 4.1,iframe,Micro-Learning 4.1 video: When Is a Model 'Good Enough'?,,,https://stevens.hosted.panopto.com/Panopto/Pages/Embed.aspx?id=PLACEHOLDER&autoplay=false&offerviewer=true&showtitle=true&showbrand=true&captions=false&interactivity=all
PLACEHOLDER,m3-lesson-4-micro-4-2__m03-l4-ml-2-2.html,M3 Lesson 4 - Micro 4.2,iframe,Micro-Learning 4.2 video: How Lighting and Angle Change Image Data,,,https://stevens.hosted.panopto.com/Panopto/Pages/Embed.aspx?id=PLACEHOLDER&autoplay=false&offerviewer=true&showtitle=true&showbrand=true&captions=false&interactivity=all
PLACEHOLDER,m3-lesson-4-micro-4-2__m03-l4-ml-2-3.html,M3 Lesson 4 - Micro 4.2,iframe,Micro-Learning 4.2 video: How Lighting and Angle Change Image Data,,,https://stevens.hosted.panopto.com/Panopto/Pages/Embed.aspx?id=PLACEHOLDER&autoplay=false&offerviewer=true&showtitle=true&showbrand=true&captions=false&interactivity=all
PLACEHOLDER,m3-lesson-4-micro-4-2__m03-l4-ml-2-4.html,M3 Lesson 4 - Micro 4.2,iframe,Micro-Learning 4.2 video: How Lighting and Angle Change Image Data,,,https://stevens.hosted.panopto.com/Panopto/Pages/Embed.aspx?id=PLACEHOLDER&autoplay=false&offerviewer=true&showtitle=true&showbrand=true&captions=false&interactivity=all
PLACEHOLDER,m3-lesson-4-micro-4-2__m03-l4-ml-2-5.html,M3 Lesson 4 - Micro 4.2,iframe,Micro-Learning 4.2 video: How Lighting and Angle Change Image Data,,,https://stevens.hosted.panopto.com/Panopto/Pages/Embed.aspx?id=PLACEHOLDER&autoplay=false&offerviewer=true&showtitle=true&showbrand=true&captions=false&interactivity=all
PLACEHOLDER,m3-lesson-4-micro-4-2__m03-l4-ml-2-6.html,M3 Lesson 4 - Micro 4.2,iframe,Micro-Learning 4.2 video: How Lighting and Angle Change Image Data,,,https://stevens.hosted.panopto.com/Panopto/Pages/Embed.aspx?id=PLACEHOLDER&autoplay=false&offerviewer=true&showtitle=true&showbrand=true&captions=false&interactivity=all
PLACEHOLDER,m3-lesson-4-micro-4-2__m03-l4-ml-2-7.html,M3 Lesson 4 - Micro 4.2,iframe,Micro-Learning 4.2 video: How Lighting and Angle Change Image Data,,,https://stevens.hosted.panopto.com/Panopto/Pages/Embed.aspx?id=PLACEHOLDER&autoplay=false&offerviewer=true&showtitle=true&showbrand=true&captions=false&interactivity=all
PLACEHOLDER,m3-lesson-4-micro-4-2__m03-l4-ml-2.html,M3 Lesson 4 - Micro 4.2,iframe,Micro-Learning 4.2 video: How Lighting and Angle Change Image Data,,,https://stevens.hosted.panopto.com/Panopto/Pages/Embed.aspx?id=PLACEHOLDER&autoplay=false&offerviewer=true&showtitle=true&showbrand=true&captions=false&interactivity=all
PLACEHOLDER,m3-lesson-4-micro-4-3__m03-l4-ml-3-2.html,M3 Lesson 4 - Micro 4.3,iframe,Micro-Learning 4.3 video: The Diminishing Returns Curve,,,https://stevens.hosted.panopto.com/Panopto/Pages/Embed.aspx?id=PLACEHOLDER&autoplay=false&offerviewer=true&showtitle=true&showbrand=true&captions=false&interactivity=all
PLACEHOLDER,m3-lesson-4-micro-4-3__m03-l4-ml-3-3.html,M3 Lesson 4 - Micro 4.3,iframe,Micro-Learning 4.3 video: The Diminishing Returns Curve,,,https://stevens.hosted.panopto.com/Panopto/Pages/Embed.aspx?id=PLACEHOLDER&autoplay=false&offerviewer=true&showtitle=true&showbrand=true&captions=false&interactivity=all
PLACEHOLDER,m3-lesson-4-micro-4-3__m03-l4-ml-3-4.html,M3 Lesson 4 - Micro 4.3,iframe,Micro-Learning 4.3 video: The Diminishing Returns Curve,,,https://stevens.hosted.panopto.com/Panopto/Pages/Embed.aspx?id=PLACEHOLDER&autoplay=false&offerviewer=true&showtitle=true&showbrand=true&captions=false&interactivity=all
PLACEHOLDER,m3-lesson-4-micro-4-3__m03-l4-ml-3-5.html,M3 Lesson 4 - Micro 4.3,iframe,Micro-Learning 4.3 video: The Diminishing Returns Curve,,,https://stevens.hosted.panopto.com/Panopto/Pages/Embed.aspx?id=PLACEHOLDER&autoplay=false&offerviewer=true&showtitle=true&showbrand=true&captions=false&interactivity=all
PLACEHOLDER,m3-lesson-4-micro-4-3__m03-l4-ml-3-6.html,M3 Lesson 4 - Micro 4.3,iframe,Micro-Learning 4.3 video: The Diminishing Returns Curve,,,https://stevens.hosted.panopto.com/Panopto/Pages/Embed.aspx?id=PLACEHOLDER&autoplay=false&offerviewer=true&showtitle=true&showbrand=true&captions=false&interactivity=all
PLACEHOLDER,m3-lesson-4-micro-4-3__m03-l4-ml-3-6.html,M3 Lesson 4 - Micro 4.3,link,open it in Panopto,,,https://stevens.hosted.panopto.com/Panopto/Pages/Viewer.aspx?id=PLACEHOLDER
PLACEHOLDER,m3-lesson-4-micro-4-3__m03-l4-ml-3-7.html,M3 Lesson 4 - Micro 4.3,iframe,Micro-Learning 4.3 video: The Diminishing Returns Curve,,,https://stevens.hosted.panopto.com/Panopto/Pages/Embed.aspx?id=PLACEHOLDER&autoplay=false&offerviewer=true&showtitle=true&showbrand=true&captions=false&interactivity=all
PLACEHOLDER,m3-lesson-4-micro-4-3__m03-l4-ml-3-7.html,M3 Lesson 4 - Micro 4.3,link,open it in Panopto,,,https://stevens.hosted.panopto.com/Panopto/Pages/Viewer.aspx?id=PLACEHOLDER
PLACEHOLDER,m3-lesson-4-micro-4-3__m03-l4-ml-3.html,M3 Lesson 4 - Micro 4.3,iframe,Micro-Learning 4.3 video: The Diminishing Returns Curve,,,https://stevens.hosted.panopto.com/Panopto/Pages/Embed.aspx?id=PLACEHOLDER&autoplay=false&offerviewer=true&showtitle=true&showbrand=true&captions=false&interactivity=all
PLACEHOLDER,m3-lesson-4__m03-l4-2.html,M3 Lesson 4,iframe,Lesson 4 video: Patch the Weakness. Document the Limits. Ship the Card.,,,https://stevens.hosted.panopto.com/Panopto/Pages/Embed.aspx?id=PLACEHOLDER&autoplay=false&offerviewer=true&showtitle=true&showbrand=true&captions=false&interactivity=all
PLACEHOLDER,m3-lesson-4__m03-l4-2.html,M3 Lesson 4,link,open the Lesson 4 video in Panopto,,,https://stevens.hosted.panopto.com/Panopto/Pages/Viewer.aspx?id=PLACEHOLDER
PLACEHOLDER,m3-lesson-4__m03-l4-3.html,M3 Lesson 4,iframe,Lesson 4 video: Patch the Weakness. Document the Limits. Ship the Card.,,,https://stevens.hosted.panopto.com/Panopto/Pages/Embed.aspx?id=PLACEHOLDER&autoplay=false&offerviewer=true&showtitle=true&showbrand=true&captions=false&interactivity=all
PLACEHOLDER,m3-lesson-4__m03-l4-3.html,M3 Lesson 4,link,open the Lesson 4 video in Panopto,,,https://stevens.hosted.panopto.com/Panopto/Pages/Viewer.aspx?id=PLACEHOLDER
PLACEHOLDER,m3-lesson-4__m03-l4-4.html,M3 Lesson 4,iframe,Lesson 4 video: Patch the Weakness. Document the Limits. Ship the Card.,,,https://stevens.hosted.panopto.com/Panopto/Pages/Embed.aspx?id=PLACEHOLDER&autoplay=false&offerviewer=true&showtitle=true&showbrand=true&captions=false&interactivity=all
PLACEHOLDER,m3-lesson-4__m03-l4-4.html,M3 Lesson 4,link,open the Lesson 4 video in Panopto,,,https://stevens.hosted.panopto.com/Panopto/Pages/Viewer.aspx?id=PLACEHOLDER
PLACEHOLDER,m3-lesson-4__m03-l4-5.html,M3 Lesson 4,iframe,Lesson 4 video: Patch the Weakness. Document the Limits. Ship the Card.,,,https://stevens.hosted.panopto.com/Panopto/Pages/Embed.aspx?id=PLACEHOLDER&autoplay=false&offerviewer=true&showtitle=true&showbrand=true&captions=false&interactivity=all
PLACEHOLDER,m3-lesson-4__m03-l4-5.html,M3 Lesson 4,link,open the Lesson 4 video in Panopto,,,https://stevens.hosted.panopto.com/Panopto/Pages/Viewer.aspx?id=PLACEHOLDER
PLACEHOLDER,m3-lesson-4__m03-l4-6.html,M3 Lesson 4,iframe,Lesson 4 video: Patch the Weakness. Document the Limits. Ship the Card.,,,https://stevens.hosted.panopto.com/Panopto/Pages/Embed.aspx?id=PLACEHOLDER&autoplay=false&offerviewer=true&showtitle=true&showbrand=true&captions=false&interactivity=all
PLACEHOLDER,m3-lesson-4__m03-l4-6.html,M3 Lesson 4,link,open the Lesson 4 video in Panopto,,,https://stevens.hosted.panopto.com/Panopto/Pages/Viewer.aspx?id=PLACEHOLDER
PLACEHOLDER,m3-lesson-4__m03-l4-7.html,M3 Lesson 4,iframe,Lesson 4 video: Patch the Weakness. Document the Limits. Ship the Card.,,,https://stevens.hosted.panopto.com/Panopto/Pages/Embed.aspx?id=PLACEHOLDER&autoplay=false&offerviewer=true&showtitle=true&showbrand=true&captions=false&interactivity=all
PLACEHOLDER,m3-lesson-4__m03-l4-7.html,M3 Lesson 4,link,open the Lesson 4 video in Panopto,,,https://stevens.hosted.panopto.com/Panopto/Pages/Viewer.aspx?id=PLACEHOLDER
PLACEHOLDER,m3-lesson-4__m03-l4.html,M3 Lesson 4,iframe,Lesson 4 video: Patch the Weakness. Document the Limits. Ship the Card.,,,https://stevens.hosted.panopto.com/Panopto/Pages/Embed.aspx?id=PLACEHOLDER&autoplay=false&offerviewer=true&showtitle=true&showbrand=true&captions=false&interactivity=all
PLACEHOLDER,m3-lesson-4__m03-l4.html,M3 Lesson 4,link,open the Lesson 4 video in Panopto,,,https://stevens.hosted.panopto.com/Panopto/Pages/Viewer.aspx?id=PLACEHOLDER
PLACEHOLDER,m4-lesson-1-micro-1-1__m04-l1-ml-1-2.html,M4 Lesson 1 - Micro 1.1,iframe,Micro-Learning 1.1 video: What Is Algorithmic Fairness?,,,https://stevens.hosted.panopto.com/Panopto/Pages/Embed.aspx?id=PLACEHOLDER&autoplay=false&offerviewer=true&showtitle=true&showbrand=true&captions=false&interactivity=all
PLACEHOLDER,m4-lesson-1-micro-1-1__m04-l1-ml-1-3.html,M4 Lesson 1 - Micro 1.1,iframe,Micro-Learning 1.1 video: What Is Algorithmic Fairness?,,,https://stevens.hosted.panopto.com/Panopto/Pages/Embed.aspx?id=PLACEHOLDER&autoplay=false&offerviewer=true&showtitle=true&showbrand=true&captions=false&interactivity=all
PLACEHOLDER,m4-lesson-1-micro-1-1__m04-l1-ml-1-4.html,M4 Lesson 1 - Micro 1.1,iframe,Micro-Learning 1.1 video: What Is Algorithmic Fairness?,,,https://stevens.hosted.panopto.com/Panopto/Pages/Embed.aspx?id=PLACEHOLDER&autoplay=false&offerviewer=true&showtitle=true&showbrand=true&captions=false&interactivity=all
PLACEHOLDER,m4-lesson-1-micro-1-1__m04-l1-ml-1-4.html,M4 Lesson 1 - Micro 1.1,link,open it in Panopto,,,https://stevens.hosted.panopto.com/Panopto/Pages/Viewer.aspx?id=PLACEHOLDER
PLACEHOLDER,m4-lesson-1-micro-1-1__m04-l1-ml-1.html,M4 Lesson 1 - Micro 1.1,iframe,Micro-Learning 1.1 video: What Is Algorithmic Fairness?,,,https://stevens.hosted.panopto.com/Panopto/Pages/Embed.aspx?id=PLACEHOLDER&autoplay=false&offerviewer=true&showtitle=true&showbrand=true&captions=false&interactivity=all
PLACEHOLDER,m4-lesson-1-micro-1-2__m04-l1-ml-2-2.html,M4 Lesson 1 - Micro 1.2,iframe,Micro-Learning 1.2 video: Disparate Impact Explained,,,https://stevens.hosted.panopto.com/Panopto/Pages/Embed.aspx?id=PLACEHOLDER&autoplay=false&offerviewer=true&showtitle=true&showbrand=true&captions=false&interactivity=all
PLACEHOLDER,m4-lesson-1-micro-1-2__m04-l1-ml-2-3.html,M4 Lesson 1 - Micro 1.2,iframe,Micro-Learning 1.2 video: Disparate Impact Explained,,,https://stevens.hosted.panopto.com/Panopto/Pages/Embed.aspx?id=PLACEHOLDER&autoplay=false&offerviewer=true&showtitle=true&showbrand=true&captions=false&interactivity=all
PLACEHOLDER,m4-lesson-1-micro-1-2__m04-l1-ml-2-4.html,M4 Lesson 1 - Micro 1.2,iframe,Micro-Learning 1.2 video: Disparate Impact Explained,,,https://stevens.hosted.panopto.com/Panopto/Pages/Embed.aspx?id=PLACEHOLDER&autoplay=false&offerviewer=true&showtitle=true&showbrand=true&captions=false&interactivity=all
PLACEHOLDER,m4-lesson-1-micro-1-2__m04-l1-ml-2.html,M4 Lesson 1 - Micro 1.2,iframe,Micro-Learning 1.2 video: Disparate Impact Explained,,,https://stevens.hosted.panopto.com/Panopto/Pages/Embed.aspx?id=PLACEHOLDER&autoplay=false&offerviewer=true&showtitle=true&showbrand=true&captions=false&interactivity=all
PLACEHOLDER,m4-lesson-1-micro-1-3__m04-l1-ml-3-2.html,M4 Lesson 1 - Micro 1.3,iframe,Micro-Learning 1.3 video: Who Pays for an AI Mistake,,,https://stevens.hosted.panopto.com/Panopto/Pages/Embed.aspx?id=PLACEHOLDER&autoplay=false&offerviewer=true&showtitle=true&showbrand=true&captions=false&interactivity=all
PLACEHOLDER,m4-lesson-1-micro-1-3__m04-l1-ml-3-3.html,M4 Lesson 1 - Micro 1.3,iframe,Micro-Learning 1.3 video: Who Pays for an AI Mistake,,,https://stevens.hosted.panopto.com/Panopto/Pages/Embed.aspx?id=PLACEHOLDER&autoplay=false&offerviewer=true&showtitle=true&showbrand=true&captions=false&interactivity=all
PLACEHOLDER,m4-lesson-1-micro-1-3__m04-l1-ml-3-4.html,M4 Lesson 1 - Micro 1.3,iframe,Micro-Learning 1.3 video: Who Pays for an AI Mistake,,,https://stevens.hosted.panopto.com/Panopto/Pages/Embed.aspx?id=PLACEHOLDER&autoplay=false&offerviewer=true&showtitle=true&showbrand=true&captions=false&interactivity=all
PLACEHOLDER,m4-lesson-1-micro-1-3__m04-l1-ml-3-4.html,M4 Lesson 1 - Micro 1.3,link,open it in Panopto,,,https://stevens.hosted.panopto.com/Panopto/Pages/Viewer.aspx?id=PLACEHOLDER
PLACEHOLDER,m4-lesson-1-micro-1-3__m04-l1-ml-3.html,M4 Lesson 1 - Micro 1.3,iframe,Micro-Learning 1.3 video: Who Pays for an AI Mistake,,,https://stevens.hosted.panopto.com/Panopto/Pages/Embed.aspx?id=PLACEHOLDER&autoplay=false&offerviewer=true&showtitle=true&showbrand=true&captions=false&interactivity=all
PLACEHOLDER,m4-lesson-1__m04-l1-2.html,M4 Lesson 1,iframe,Lesson 1 video: Who Pays When the Model Is Wrong?,,,https://stevens.hosted.panopto.com/Panopto/Pages/Embed.aspx?id=PLACEHOLDER&autoplay=false&offerviewer=true&showtitle=true&showbrand=true&captions=false&interactivity=all
PLACEHOLDER,m4-lesson-1__m04-l1-2.html,M4 Lesson 1,link,open the Lesson 1 video in Panopto,,,https://stevens.hosted.panopto.com/Panopto/Pages/Viewer.aspx?id=PLACEHOLDER
PLACEHOLDER,m4-lesson-1__m04-l1-3.html,M4 Lesson 1,iframe,Lesson 1 video: Who Pays When the Model Is Wrong?,,,https://stevens.hosted.panopto.com/Panopto/Pages/Embed.aspx?id=PLACEHOLDER&autoplay=false&offerviewer=true&showtitle=true&showbrand=true&captions=false&interactivity=all
PLACEHOLDER,m4-lesson-1__m04-l1-3.html,M4 Lesson 1,link,open the Lesson 1 video in Panopto,,,https://stevens.hosted.panopto.com/Panopto/Pages/Viewer.aspx?id=PLACEHOLDER
PLACEHOLDER,m4-lesson-1__m04-l1-4.html,M4 Lesson 1,iframe,Lesson 1 video: Who Pays When the Model Is Wrong?,,,https://stevens.hosted.panopto.com/Panopto/Pages/Embed.aspx?id=PLACEHOLDER&autoplay=false&offerviewer=true&showtitle=true&showbrand=true&captions=false&interactivity=all
PLACEHOLDER,m4-lesson-1__m04-l1-4.html,M4 Lesson 1,link,open the Lesson 1 video in Panopto,,,https://stevens.hosted.panopto.com/Panopto/Pages/Viewer.aspx?id=PLACEHOLDER
PLACEHOLDER,m4-lesson-1__m04-l1.html,M4 Lesson 1,iframe,Lesson 1 video: Who Pays When the Model Is Wrong?,,,https://stevens.hosted.panopto.com/Panopto/Pages/Embed.aspx?id=PLACEHOLDER&autoplay=false&offerviewer=true&showtitle=true&showbrand=true&captions=false&interactivity=all
PLACEHOLDER,m4-lesson-1__m04-l1.html,M4 Lesson 1,link,open the Lesson 1 video in Panopto,,,https://stevens.hosted.panopto.com/Panopto/Pages/Viewer.aspx?id=PLACEHOLDER
PLACEHOLDER,m4-lesson-2-micro-2-1__m04-l2-ml-1-2.html,M4 Lesson 2 - Micro 2.1,iframe,Micro-Learning 2.1 video: Why Anonymization Is Not Always Anonymous,,,https://stevens.hosted.panopto.com/Panopto/Pages/Embed.aspx?id=PLACEHOLDER&autoplay=false&offerviewer=true&showtitle=true&showbrand=true&captions=false&interactivity=all
PLACEHOLDER,m4-lesson-2-micro-2-1__m04-l2-ml-1-3.html,M4 Lesson 2 - Micro 2.1,iframe,Micro-Learning 2.1 video: Why Anonymization Is Not Always Anonymous,,,https://stevens.hosted.panopto.com/Panopto/Pages/Embed.aspx?id=PLACEHOLDER&autoplay=false&offerviewer=true&showtitle=true&showbrand=true&captions=false&interactivity=all
PLACEHOLDER,m4-lesson-2-micro-2-1__m04-l2-ml-1-4.html,M4 Lesson 2 - Micro 2.1,iframe,Micro-Learning 2.1 video: Why Anonymization Is Not Always Anonymous,,,https://stevens.hosted.panopto.com/Panopto/Pages/Embed.aspx?id=PLACEHOLDER&autoplay=false&offerviewer=true&showtitle=true&showbrand=true&captions=false&interactivity=all
PLACEHOLDER,m4-lesson-2-micro-2-1__m04-l2-ml-1.html,M4 Lesson 2 - Micro 2.1,iframe,Micro-Learning 2.1 video: Why Anonymization Is Not Always Anonymous,,,https://stevens.hosted.panopto.com/Panopto/Pages/Embed.aspx?id=PLACEHOLDER&autoplay=false&offerviewer=true&showtitle=true&showbrand=true&captions=false&interactivity=all
PLACEHOLDER,m4-lesson-2-micro-2-2__m04-l2-ml-2-2.html,M4 Lesson 2 - Micro 2.2,iframe,Micro-Learning 2.2 video: Reading a Privacy Policy in 90 Seconds,,,https://stevens.hosted.panopto.com/Panopto/Pages/Embed.aspx?id=PLACEHOLDER&autoplay=false&offerviewer=true&showtitle=true&showbrand=true&captions=false&interactivity=all
PLACEHOLDER,m4-lesson-2-micro-2-2__m04-l2-ml-2-3.html,M4 Lesson 2 - Micro 2.2,iframe,Micro-Learning 2.2 video: Reading a Privacy Policy in 90 Seconds,,,https://stevens.hosted.panopto.com/Panopto/Pages/Embed.aspx?id=PLACEHOLDER&autoplay=false&offerviewer=true&showtitle=true&showbrand=true&captions=false&interactivity=all
PLACEHOLDER,m4-lesson-2-micro-2-2__m04-l2-ml-2-4.html,M4 Lesson 2 - Micro 2.2,iframe,Micro-Learning 2.2 video: Reading a Privacy Policy in 90 Seconds,,,https://stevens.hosted.panopto.com/Panopto/Pages/Embed.aspx?id=PLACEHOLDER&autoplay=false&offerviewer=true&showtitle=true&showbrand=true&captions=false&interactivity=all
PLACEHOLDER,m4-lesson-2-micro-2-2__m04-l2-ml-2-4.html,M4 Lesson 2 - Micro 2.2,link,open it in Panopto,,,https://stevens.hosted.panopto.com/Panopto/Pages/Viewer.aspx?id=PLACEHOLDER
PLACEHOLDER,m4-lesson-2-micro-2-2__m04-l2-ml-2.html,M4 Lesson 2 - Micro 2.2,iframe,Micro-Learning 2.2 video: Reading a Privacy Policy in 90 Seconds,,,https://stevens.hosted.panopto.com/Panopto/Pages/Embed.aspx?id=PLACEHOLDER&autoplay=false&offerviewer=true&showtitle=true&showbrand=true&captions=false&interactivity=all
PLACEHOLDER,m4-lesson-2-micro-2-3__m04-l2-ml-3-2.html,M4 Lesson 2 - Micro 2.3,iframe,Micro-Learning 2.3 video: Consent in Digital Systems,,,https://stevens.hosted.panopto.com/Panopto/Pages/Embed.aspx?id=PLACEHOLDER&autoplay=false&offerviewer=true&showtitle=true&showbrand=true&captions=false&interactivity=all
PLACEHOLDER,m4-lesson-2-micro-2-3__m04-l2-ml-3-3.html,M4 Lesson 2 - Micro 2.3,iframe,Micro-Learning 2.3 video: Consent in Digital Systems,,,https://stevens.hosted.panopto.com/Panopto/Pages/Embed.aspx?id=PLACEHOLDER&autoplay=false&offerviewer=true&showtitle=true&showbrand=true&captions=false&interactivity=all
PLACEHOLDER,m4-lesson-2-micro-2-3__m04-l2-ml-3-4.html,M4 Lesson 2 - Micro 2.3,iframe,Micro-Learning 2.3 video: Consent in Digital Systems,,,https://stevens.hosted.panopto.com/Panopto/Pages/Embed.aspx?id=PLACEHOLDER&autoplay=false&offerviewer=true&showtitle=true&showbrand=true&captions=false&interactivity=all
PLACEHOLDER,m4-lesson-2-micro-2-3__m04-l2-ml-3-4.html,M4 Lesson 2 - Micro 2.3,link,open it in Panopto,,,https://stevens.hosted.panopto.com/Panopto/Pages/Viewer.aspx?id=PLACEHOLDER
PLACEHOLDER,m4-lesson-2-micro-2-3__m04-l2-ml-3.html,M4 Lesson 2 - Micro 2.3,iframe,Micro-Learning 2.3 video: Consent in Digital Systems,,,https://stevens.hosted.panopto.com/Panopto/Pages/Embed.aspx?id=PLACEHOLDER&autoplay=false&offerviewer=true&showtitle=true&showbrand=true&captions=false&interactivity=all
PLACEHOLDER,m4-lesson-2__m04-l2-2.html,M4 Lesson 2,iframe,Lesson 2 video: Anonymous Is Harder Than It Sounds.,,,https://stevens.hosted.panopto.com/Panopto/Pages/Embed.aspx?id=PLACEHOLDER&autoplay=false&offerviewer=true&showtitle=true&showbrand=true&captions=false&interactivity=all
PLACEHOLDER,m4-lesson-2__m04-l2-2.html,M4 Lesson 2,link,open the Lesson 2 video in Panopto,,,https://stevens.hosted.panopto.com/Panopto/Pages/Viewer.aspx?id=PLACEHOLDER
PLACEHOLDER,m4-lesson-2__m04-l2-3.html,M4 Lesson 2,iframe,Lesson 2 video: Anonymous Is Harder Than It Sounds.,,,https://stevens.hosted.panopto.com/Panopto/Pages/Embed.aspx?id=PLACEHOLDER&autoplay=false&offerviewer=true&showtitle=true&showbrand=true&captions=false&interactivity=all
PLACEHOLDER,m4-lesson-2__m04-l2-3.html,M4 Lesson 2,link,open the Lesson 2 video in Panopto,,,https://stevens.hosted.panopto.com/Panopto/Pages/Viewer.aspx?id=PLACEHOLDER
PLACEHOLDER,m4-lesson-2__m04-l2-4.html,M4 Lesson 2,iframe,Lesson 2 video: Anonymous Is Harder Than It Sounds.,,,https://stevens.hosted.panopto.com/Panopto/Pages/Embed.aspx?id=PLACEHOLDER&autoplay=false&offerviewer=true&showtitle=true&showbrand=true&captions=false&interactivity=all
PLACEHOLDER,m4-lesson-2__m04-l2-4.html,M4 Lesson 2,link,open the Lesson 2 video in Panopto,,,https://stevens.hosted.panopto.com/Panopto/Pages/Viewer.aspx?id=PLACEHOLDER
PLACEHOLDER,m4-lesson-2__m04-l2.html,M4 Lesson 2,iframe,Lesson 2 video: Anonymous Is Harder Than It Sounds.,,,https://stevens.hosted.panopto.com/Panopto/Pages/Embed.aspx?id=PLACEHOLDER&autoplay=false&offerviewer=true&showtitle=true&showbrand=true&captions=false&interactivity=all
PLACEHOLDER,m4-lesson-2__m04-l2.html,M4 Lesson 2,link,open the Lesson 2 video in Panopto,,,https://stevens.hosted.panopto.com/Panopto/Pages/Viewer.aspx?id=PLACEHOLDER
PLACEHOLDER,m4-lesson-3-micro-3-1__m04-l3-ml-1-2.html,M4 Lesson 3 - Micro 3.1,iframe,Micro-Learning 3.1 video: Why LLMs Make Stuff Up,,,https://stevens.hosted.panopto.com/Panopto/Pages/Embed.aspx?id=PLACEHOLDER&autoplay=false&offerviewer=true&showtitle=true&showbrand=true&captions=false&interactivity=all
PLACEHOLDER,m4-lesson-3-micro-3-1__m04-l3-ml-1-3.html,M4 Lesson 3 - Micro 3.1,iframe,Micro-Learning 3.1 video: Why LLMs Make Stuff Up,,,https://stevens.hosted.panopto.com/Panopto/Pages/Embed.aspx?id=PLACEHOLDER&autoplay=false&offerviewer=true&showtitle=true&showbrand=true&captions=false&interactivity=all
PLACEHOLDER,m4-lesson-3-micro-3-1__m04-l3-ml-1-4.html,M4 Lesson 3 - Micro 3.1,iframe,Micro-Learning 3.1 video: Why LLMs Make Stuff Up,,,https://stevens.hosted.panopto.com/Panopto/Pages/Embed.aspx?id=PLACEHOLDER&autoplay=false&offerviewer=true&showtitle=true&showbrand=true&captions=false&interactivity=all
PLACEHOLDER,m4-lesson-3-micro-3-1__m04-l3-ml-1-4.html,M4 Lesson 3 - Micro 3.1,link,open it in Panopto,,,https://stevens.hosted.panopto.com/Panopto/Pages/Viewer.aspx?id=PLACEHOLDER
PLACEHOLDER,m4-lesson-3-micro-3-1__m04-l3-ml-1.html,M4 Lesson 3 - Micro 3.1,iframe,Micro-Learning 3.1 video: Why LLMs Make Stuff Up,,,https://stevens.hosted.panopto.com/Panopto/Pages/Embed.aspx?id=PLACEHOLDER&autoplay=false&offerviewer=true&showtitle=true&showbrand=true&captions=false&interactivity=all
PLACEHOLDER,m4-lesson-3-micro-3-2__m04-l3-ml-2-2.html,M4 Lesson 3 - Micro 3.2,iframe,Micro-Learning 3.2 video: Confident and Correct Are Not the Same,,,https://stevens.hosted.panopto.com/Panopto/Pages/Embed.aspx?id=PLACEHOLDER&autoplay=false&offerviewer=true&showtitle=true&showbrand=true&captions=false&interactivity=all
PLACEHOLDER,m4-lesson-3-micro-3-2__m04-l3-ml-2-3.html,M4 Lesson 3 - Micro 3.2,iframe,Micro-Learning 3.2 video: Confident and Correct Are Not the Same,,,https://stevens.hosted.panopto.com/Panopto/Pages/Embed.aspx?id=PLACEHOLDER&autoplay=false&offerviewer=true&showtitle=true&showbrand=true&captions=false&interactivity=all
PLACEHOLDER,m4-lesson-3-micro-3-2__m04-l3-ml-2-4.html,M4 Lesson 3 - Micro 3.2,iframe,Micro-Learning 3.2 video: Confident and Correct Are Not the Same,,,https://stevens.hosted.panopto.com/Panopto/Pages/Embed.aspx?id=PLACEHOLDER&autoplay=false&offerviewer=true&showtitle=true&showbrand=true&captions=false&interactivity=all
PLACEHOLDER,m4-lesson-3-micro-3-2__m04-l3-ml-2-4.html,M4 Lesson 3 - Micro 3.2,link,open it in Panopto,,,https://stevens.hosted.panopto.com/Panopto/Pages/Viewer.aspx?id=PLACEHOLDER
PLACEHOLDER,m4-lesson-3-micro-3-2__m04-l3-ml-2.html,M4 Lesson 3 - Micro 3.2,iframe,Micro-Learning 3.2 video: Confident and Correct Are Not the Same,,,https://stevens.hosted.panopto.com/Panopto/Pages/Embed.aspx?id=PLACEHOLDER&autoplay=false&offerviewer=true&showtitle=true&showbrand=true&captions=false&interactivity=all
PLACEHOLDER,m4-lesson-3-micro-3-3__m04-l3-ml-3-2.html,M4 Lesson 3 - Micro 3.3,iframe,Micro-Learning 3.3 video: Bias in Outputs,,,https://stevens.hosted.panopto.com/Panopto/Pages/Embed.aspx?id=PLACEHOLDER&autoplay=false&offerviewer=true&showtitle=true&showbrand=true&captions=false&interactivity=all
PLACEHOLDER,m4-lesson-3-micro-3-3__m04-l3-ml-3-3.html,M4 Lesson 3 - Micro 3.3,iframe,Micro-Learning 3.3 video: Bias in Outputs,,,https://stevens.hosted.panopto.com/Panopto/Pages/Embed.aspx?id=PLACEHOLDER&autoplay=false&offerviewer=true&showtitle=true&showbrand=true&captions=false&interactivity=all
PLACEHOLDER,m4-lesson-3-micro-3-3__m04-l3-ml-3-4.html,M4 Lesson 3 - Micro 3.3,iframe,Micro-Learning 3.3 video: Bias in Outputs,,,https://stevens.hosted.panopto.com/Panopto/Pages/Embed.aspx?id=PLACEHOLDER&autoplay=false&offerviewer=true&showtitle=true&showbrand=true&captions=false&interactivity=all
PLACEHOLDER,m4-lesson-3-micro-3-3__m04-l3-ml-3.html,M4 Lesson 3 - Micro 3.3,iframe,Micro-Learning 3.3 video: Bias in Outputs,,,https://stevens.hosted.panopto.com/Panopto/Pages/Embed.aspx?id=PLACEHOLDER&autoplay=false&offerviewer=true&showtitle=true&showbrand=true&captions=false&interactivity=all
PLACEHOLDER,m4-lesson-3__m04-l3-2.html,M4 Lesson 3,iframe,Lesson 3 video: When Confident Is Not Correct.,,,https://stevens.hosted.panopto.com/Panopto/Pages/Embed.aspx?id=PLACEHOLDER&autoplay=false&offerviewer=true&showtitle=true&showbrand=true&captions=false&interactivity=all
PLACEHOLDER,m4-lesson-3__m04-l3-2.html,M4 Lesson 3,link,open the Lesson 3 video in Panopto,,,https://stevens.hosted.panopto.com/Panopto/Pages/Viewer.aspx?id=PLACEHOLDER
PLACEHOLDER,m4-lesson-3__m04-l3-3.html,M4 Lesson 3,iframe,Lesson 3 video: When Confident Is Not Correct.,,,https://stevens.hosted.panopto.com/Panopto/Pages/Embed.aspx?id=PLACEHOLDER&autoplay=false&offerviewer=true&showtitle=true&showbrand=true&captions=false&interactivity=all
PLACEHOLDER,m4-lesson-3__m04-l3-3.html,M4 Lesson 3,link,open the Lesson 3 video in Panopto,,,https://stevens.hosted.panopto.com/Panopto/Pages/Viewer.aspx?id=PLACEHOLDER
PLACEHOLDER,m4-lesson-3__m04-l3-4.html,M4 Lesson 3,iframe,Lesson 3 video: When Confident Is Not Correct.,,,https://stevens.hosted.panopto.com/Panopto/Pages/Embed.aspx?id=PLACEHOLDER&autoplay=false&offerviewer=true&showtitle=true&showbrand=true&captions=false&interactivity=all
PLACEHOLDER,m4-lesson-3__m04-l3-4.html,M4 Lesson 3,link,open the Lesson 3 video in Panopto,,,https://stevens.hosted.panopto.com/Panopto/Pages/Viewer.aspx?id=PLACEHOLDER
PLACEHOLDER,m4-lesson-3__m04-l3.html,M4 Lesson 3,iframe,Lesson 3 video: When Confident Is Not Correct.,,,https://stevens.hosted.panopto.com/Panopto/Pages/Embed.aspx?id=PLACEHOLDER&autoplay=false&offerviewer=true&showtitle=true&showbrand=true&captions=false&interactivity=all
PLACEHOLDER,m4-lesson-3__m04-l3.html,M4 Lesson 3,link,open the Lesson 3 video in Panopto,,,https://stevens.hosted.panopto.com/Panopto/Pages/Viewer.aspx?id=PLACEHOLDER
PLACEHOLDER,m4-lesson-4-micro-4-1__m04-l4-ml-1-2.html,M4 Lesson 4 - Micro 4.1,iframe,Micro-Learning 4.1 video: The 'Human in the Loop' Explained,,,https://stevens.hosted.panopto.com/Panopto/Pages/Embed.aspx?id=PLACEHOLDER&autoplay=false&offerviewer=true&showtitle=true&showbrand=true&captions=false&interactivity=all
PLACEHOLDER,m4-lesson-4-micro-4-1__m04-l4-ml-1-3.html,M4 Lesson 4 - Micro 4.1,iframe,Micro-Learning 4.1 video: The 'Human in the Loop' Explained,,,https://stevens.hosted.panopto.com/Panopto/Pages/Embed.aspx?id=PLACEHOLDER&autoplay=false&offerviewer=true&showtitle=true&showbrand=true&captions=false&interactivity=all
PLACEHOLDER,m4-lesson-4-micro-4-1__m04-l4-ml-1-4.html,M4 Lesson 4 - Micro 4.1,iframe,Micro-Learning 4.1 video: The 'Human in the Loop' Explained,,,https://stevens.hosted.panopto.com/Panopto/Pages/Embed.aspx?id=PLACEHOLDER&autoplay=false&offerviewer=true&showtitle=true&showbrand=true&captions=false&interactivity=all
PLACEHOLDER,m4-lesson-4-micro-4-1__m04-l4-ml-1-4.html,M4 Lesson 4 - Micro 4.1,link,open it in Panopto,,,https://stevens.hosted.panopto.com/Panopto/Pages/Viewer.aspx?id=PLACEHOLDER
PLACEHOLDER,m4-lesson-4-micro-4-1__m04-l4-ml-1.html,M4 Lesson 4 - Micro 4.1,iframe,Micro-Learning 4.1 video: The 'Human in the Loop' Explained,,,https://stevens.hosted.panopto.com/Panopto/Pages/Embed.aspx?id=PLACEHOLDER&autoplay=false&offerviewer=true&showtitle=true&showbrand=true&captions=false&interactivity=all
PLACEHOLDER,m4-lesson-4-micro-4-2__m04-l4-ml-2-2.html,M4 Lesson 4 - Micro 4.2,iframe,Micro-Learning 4.2 video: When a Human Review Is Non-Negotiable,,,https://stevens.hosted.panopto.com/Panopto/Pages/Embed.aspx?id=PLACEHOLDER&autoplay=false&offerviewer=true&showtitle=true&showbrand=true&captions=false&interactivity=all
PLACEHOLDER,m4-lesson-4-micro-4-2__m04-l4-ml-2-3.html,M4 Lesson 4 - Micro 4.2,iframe,Micro-Learning 4.2 video: When a Human Review Is Non-Negotiable,,,https://stevens.hosted.panopto.com/Panopto/Pages/Embed.aspx?id=PLACEHOLDER&autoplay=false&offerviewer=true&showtitle=true&showbrand=true&captions=false&interactivity=all
PLACEHOLDER,m4-lesson-4-micro-4-2__m04-l4-ml-2-4.html,M4 Lesson 4 - Micro 4.2,iframe,Micro-Learning 4.2 video: When a Human Review Is Non-Negotiable,,,https://stevens.hosted.panopto.com/Panopto/Pages/Embed.aspx?id=PLACEHOLDER&autoplay=false&offerviewer=true&showtitle=true&showbrand=true&captions=false&interactivity=all
PLACEHOLDER,m4-lesson-4-micro-4-2__m04-l4-ml-2-4.html,M4 Lesson 4 - Micro 4.2,link,open it in Panopto,,,https://stevens.hosted.panopto.com/Panopto/Pages/Viewer.aspx?id=PLACEHOLDER
PLACEHOLDER,m4-lesson-4-micro-4-2__m04-l4-ml-2.html,M4 Lesson 4 - Micro 4.2,iframe,Micro-Learning 4.2 video: When a Human Review Is Non-Negotiable,,,https://stevens.hosted.panopto.com/Panopto/Pages/Embed.aspx?id=PLACEHOLDER&autoplay=false&offerviewer=true&showtitle=true&showbrand=true&captions=false&interactivity=all
PLACEHOLDER,m4-lesson-4-micro-4-3__m04-l4-ml-3-2.html,M4 Lesson 4 - Micro 4.3,iframe,Micro-Learning 4.3 video: Running an AI Risk Review,,,https://stevens.hosted.panopto.com/Panopto/Pages/Embed.aspx?id=PLACEHOLDER&autoplay=false&offerviewer=true&showtitle=true&showbrand=true&captions=false&interactivity=all
PLACEHOLDER,m4-lesson-4-micro-4-3__m04-l4-ml-3-3.html,M4 Lesson 4 - Micro 4.3,iframe,Micro-Learning 4.3 video: Running an AI Risk Review,,,https://stevens.hosted.panopto.com/Panopto/Pages/Embed.aspx?id=PLACEHOLDER&autoplay=false&offerviewer=true&showtitle=true&showbrand=true&captions=false&interactivity=all
PLACEHOLDER,m4-lesson-4-micro-4-3__m04-l4-ml-3-4.html,M4 Lesson 4 - Micro 4.3,iframe,Micro-Learning 4.3 video: Running an AI Risk Review,,,https://stevens.hosted.panopto.com/Panopto/Pages/Embed.aspx?id=PLACEHOLDER&autoplay=false&offerviewer=true&showtitle=true&showbrand=true&captions=false&interactivity=all
PLACEHOLDER,m4-lesson-4-micro-4-3__m04-l4-ml-3.html,M4 Lesson 4 - Micro 4.3,iframe,Micro-Learning 4.3 video: Running an AI Risk Review,,,https://stevens.hosted.panopto.com/Panopto/Pages/Embed.aspx?id=PLACEHOLDER&autoplay=false&offerviewer=true&showtitle=true&showbrand=true&captions=false&interactivity=all
PLACEHOLDER,m4-lesson-4__m04-l4-2.html,M4 Lesson 4,iframe,Lesson 4 video: Where the Human Goes in the Loop.,,,https://stevens.hosted.panopto.com/Panopto/Pages/Embed.aspx?id=PLACEHOLDER&autoplay=false&offerviewer=true&showtitle=true&showbrand=true&captions=false&interactivity=all
PLACEHOLDER,m4-lesson-4__m04-l4-2.html,M4 Lesson 4,link,open the Lesson 4 video in Panopto,,,https://stevens.hosted.panopto.com/Panopto/Pages/Viewer.aspx?id=PLACEHOLDER
PLACEHOLDER,m4-lesson-4__m04-l4-3.html,M4 Lesson 4,iframe,Lesson 4 video: Where the Human Goes in the Loop.,,,https://stevens.hosted.panopto.com/Panopto/Pages/Embed.aspx?id=PLACEHOLDER&autoplay=false&offerviewer=true&showtitle=true&showbrand=true&captions=false&interactivity=all
PLACEHOLDER,m4-lesson-4__m04-l4-3.html,M4 Lesson 4,link,open the Lesson 4 video in Panopto,,,https://stevens.hosted.panopto.com/Panopto/Pages/Viewer.aspx?id=PLACEHOLDER
PLACEHOLDER,m4-lesson-4__m04-l4-4.html,M4 Lesson 4,iframe,Lesson 4 video: Where the Human Goes in the Loop.,,,https://stevens.hosted.panopto.com/Panopto/Pages/Embed.aspx?id=PLACEHOLDER&autoplay=false&offerviewer=true&showtitle=true&showbrand=true&captions=false&interactivity=all
PLACEHOLDER,m4-lesson-4__m04-l4-4.html,M4 Lesson 4,link,open the Lesson 4 video in Panopto,,,https://stevens.hosted.panopto.com/Panopto/Pages/Viewer.aspx?id=PLACEHOLDER
PLACEHOLDER,m4-lesson-4__m04-l4.html,M4 Lesson 4,iframe,Lesson 4 video: Where the Human Goes in the Loop.,,,https://stevens.hosted.panopto.com/Panopto/Pages/Embed.aspx?id=PLACEHOLDER&autoplay=false&offerviewer=true&showtitle=true&showbrand=true&captions=false&interactivity=all
PLACEHOLDER,m4-lesson-4__m04-l4.html,M4 Lesson 4,link,open the Lesson 4 video in Panopto,,,https://stevens.hosted.panopto.com/Panopto/Pages/Viewer.aspx?id=PLACEHOLDER
772a67d0-2f3f-4ef4-a3e2-b44300c00b0b,micro-learning-1-1__micro-learning-1-dot-1.html,Micro Learning 1.1,iframe,Micro-Learning 1.1 video: The Three Forms of Intelligence,,,https://stevens.hosted.panopto.com/Panopto/Pages/Embed.aspx?id=772a67d0-2f3f-4ef4-a3e2-b44300c00b0b&autoplay=false&offerviewer=true&showtitle=true&showbrand=true&captions=false&interactivity=all
3cceae62-1cba-43c4-ac83-b44300c00aff,micro-learning-1-2__micro-learning-1-dot-2.html,Micro learning 1.2,iframe,Micro-Learning 1.2 video: How AI Actually Thinks,,,https://stevens.hosted.panopto.com/Panopto/Pages/Embed.aspx?id=3cceae62-1cba-43c4-ac83-b44300c00aff&autoplay=false&offerviewer=true&showtitle=true&showbrand=true&captions=false&interactivity=all
6ced22e6-6b81-49dd-b209-b44300c00b06,micro-learning-1-3__micro-learning-1-dot-3.html,Micro Learning 1.3,iframe,Micro-Learning 1.3 video: The AI Tier Ladder,,,https://stevens.hosted.panopto.com/Panopto/Pages/Embed.aspx?id=6ced22e6-6b81-49dd-b209-b44300c00b06&autoplay=false&offerviewer=true&showtitle=true&showbrand=true&captions=false&interactivity=all
be644063-339b-438a-9169-b44301466ea7,ml11__ml11.html,ml11,iframe,Lesson 1 video: What Is Intelligence? What Is Artificial Intelligence?,,,https://stevens.hosted.panopto.com/Panopto/Pages/Embed.aspx?id=be644063-339b-438a-9169-b44301466ea7&autoplay=false
be644063-339b-438a-9169-b44301466ea7,ml11__ml11.html,ml11,link,open the Lesson 1 video in Panopto,,,https://stevens.hosted.panopto.com/Panopto/Pages/Viewer.aspx?id=be644063-339b-438a-9169-b44301466ea7
5289af4b-d916-42c0-bc8c-b443014b073c,summary__summary-2.html,Summary,iframe,Embedded course video,,,https://stevens.hosted.panopto.com/Panopto/Pages/Embed.aspx?id=5289af4b-d916-42c0-bc8c-b443014b073c&autoplay=false&offerviewer=true&showtitle=true&showbrand=true&captions=true&interactivity=all
e1bc5adc-58ce-4e55-a68e-b443013e9217,welcome-to-the-course__welcome-to-the-course.html,Welcome to the course,iframe,Welcome message from the instructor,,,https://stevens.hosted.panopto.com/Panopto/Pages/Embed.aspx?id=e1bc5adc-58ce-4e55-a68e-b443013e9217&autoplay=false&offerviewer=true&showtitle=true&showbrand=true&captions=true&interactivity=all
78986d7f-727c-4b95-9659-b4400155a6ef,welcome-to-the-course__welcome-to-the-course.html,Welcome to the course,iframe,Intro to Applied AI course overview video,,,https://stevens.hosted.panopto.com/Panopto/Pages/Embed.aspx?id=78986d7f-727c-4b95-9659-b4400155a6ef&autoplay=false&offerviewer=true&showtitle=true&showbrand=true&captions=true&interactivity=all
